ISO-10303-21;
HEADER;
/* Generated by software containing ST-Developer
 * from STEP Tools, Inc. (www.steptools.com) 
 */

FILE_DESCRIPTION(
/* description */ (''),
/* implementation_level */ '2;1');

FILE_NAME(
/* name */ 'Housing.step',
/* time_stamp */ '2025-12-17T18:52:28-08:00',
/* author */ (''),
/* organization */ (''),
/* preprocessor_version */ 'ST-DEVELOPER v20.1',
/* originating_system */ 'Autodesk Translation Framework v14.21.0.0',
/* authorisation */ '');

FILE_SCHEMA (('AUTOMOTIVE_DESIGN { 1 0 10303 214 3 1 1 }'));
ENDSEC;

DATA;
#10=MECHANICAL_DESIGN_GEOMETRIC_PRESENTATION_REPRESENTATION('',(#13),#4713);
#11=SHAPE_REPRESENTATION_RELATIONSHIP('SRR','None',#4719,#12);
#12=ADVANCED_BREP_SHAPE_REPRESENTATION('',(#14),#4712);
#13=STYLED_ITEM('',(#4729),#14);
#14=MANIFOLD_SOLID_BREP('Body2',#2897);
#15=ELLIPSE('',#2936,2.82842712474618,2.);
#16=ELLIPSE('',#2938,2.82842712474618,2.);
#17=ELLIPSE('',#2948,2.82842712474617,1.99999999999999);
#18=ELLIPSE('',#2950,2.82842712474617,1.99999999999999);
#19=ELLIPSE('',#2956,2.82842712474617,1.99999999999999);
#20=ELLIPSE('',#2958,2.82842712474617,1.99999999999999);
#21=ELLIPSE('',#2972,2.82842712474617,1.99999999999999);
#22=ELLIPSE('',#2974,2.82842712474617,1.99999999999999);
#23=(
BOUNDED_CURVE()
B_SPLINE_CURVE(2,(#4014,#4015,#4016),.UNSPECIFIED.,.F.,.F.)
B_SPLINE_CURVE_WITH_KNOTS((3,3),(0.66076392479966,0.95222920268311),
 .UNSPECIFIED.)
CURVE()
GEOMETRIC_REPRESENTATION_ITEM()
RATIONAL_B_SPLINE_CURVE((1.,1.,1.))
REPRESENTATION_ITEM('')
);
#24=(
BOUNDED_CURVE()
B_SPLINE_CURVE(2,(#4043,#4044,#4045),.UNSPECIFIED.,.F.,.F.)
B_SPLINE_CURVE_WITH_KNOTS((3,3),(0.66076392479966,0.952229202683111),
 .UNSPECIFIED.)
CURVE()
GEOMETRIC_REPRESENTATION_ITEM()
RATIONAL_B_SPLINE_CURVE((1.,1.,1.))
REPRESENTATION_ITEM('')
);
#25=(
BOUNDED_CURVE()
B_SPLINE_CURVE(2,(#4063,#4064,#4065),.UNSPECIFIED.,.F.,.F.)
B_SPLINE_CURVE_WITH_KNOTS((3,3),(0.660763924799656,0.952229202683103),
 .UNSPECIFIED.)
CURVE()
GEOMETRIC_REPRESENTATION_ITEM()
RATIONAL_B_SPLINE_CURVE((1.,1.,1.))
REPRESENTATION_ITEM('')
);
#26=(
BOUNDED_CURVE()
B_SPLINE_CURVE(2,(#4101,#4102,#4103),.UNSPECIFIED.,.F.,.F.)
B_SPLINE_CURVE_WITH_KNOTS((3,3),(0.660763924799656,0.952229202683103),
 .UNSPECIFIED.)
CURVE()
GEOMETRIC_REPRESENTATION_ITEM()
RATIONAL_B_SPLINE_CURVE((1.,1.,1.))
REPRESENTATION_ITEM('')
);
#27=CYLINDRICAL_SURFACE('',#2929,2.);
#28=CYLINDRICAL_SURFACE('',#2934,2.);
#29=CYLINDRICAL_SURFACE('',#2941,1.99999999999999);
#30=CYLINDRICAL_SURFACE('',#2946,1.99999999999999);
#31=CYLINDRICAL_SURFACE('',#2954,1.99999999999999);
#32=CYLINDRICAL_SURFACE('',#2961,1.99999999999999);
#33=CYLINDRICAL_SURFACE('',#2965,1.99999999999999);
#34=CYLINDRICAL_SURFACE('',#2970,1.99999999999999);
#35=CYLINDRICAL_SURFACE('',#2998,2.5);
#36=CYLINDRICAL_SURFACE('',#3002,2.5);
#37=CYLINDRICAL_SURFACE('',#3083,2.);
#38=CYLINDRICAL_SURFACE('',#3094,1.99999999999999);
#39=CYLINDRICAL_SURFACE('',#3095,1.99999999999999);
#40=CYLINDRICAL_SURFACE('',#3096,1.99999999999999);
#41=CYLINDRICAL_SURFACE('',#3097,1.99999999999999);
#42=CYLINDRICAL_SURFACE('',#3098,1.99999999999999);
#43=CYLINDRICAL_SURFACE('',#3099,1.99999999999999);
#44=CYLINDRICAL_SURFACE('',#3100,2.);
#45=CONICAL_SURFACE('',#2927,2.,0.785398163397448);
#46=CONICAL_SURFACE('',#2931,2.,0.785398163397448);
#47=CONICAL_SURFACE('',#2939,1.99999999999999,0.785398163397446);
#48=CONICAL_SURFACE('',#2943,1.99999999999999,0.785398163397446);
#49=CONICAL_SURFACE('',#2951,1.99999999999999,0.785398163397446);
#50=CONICAL_SURFACE('',#2959,1.99999999999999,0.785398163397446);
#51=CONICAL_SURFACE('',#2963,1.99999999999999,0.785398163397446);
#52=CONICAL_SURFACE('',#2967,1.99999999999999,0.785398163397446);
#53=FACE_BOUND('',#311,.T.);
#54=FACE_BOUND('',#313,.T.);
#55=FACE_BOUND('',#316,.T.);
#56=FACE_BOUND('',#337,.T.);
#57=FACE_BOUND('',#342,.T.);
#58=FACE_BOUND('',#344,.T.);
#59=FACE_BOUND('',#347,.T.);
#60=FACE_BOUND('',#349,.T.);
#61=FACE_BOUND('',#351,.T.);
#62=FACE_BOUND('',#353,.T.);
#63=FACE_BOUND('',#355,.T.);
#64=FACE_BOUND('',#357,.T.);
#65=FACE_BOUND('',#392,.T.);
#66=FACE_BOUND('',#394,.T.);
#67=FACE_BOUND('',#400,.T.);
#68=FACE_BOUND('',#402,.T.);
#69=FACE_BOUND('',#406,.T.);
#70=FACE_BOUND('',#408,.T.);
#71=FACE_BOUND('',#414,.T.);
#72=FACE_BOUND('',#416,.T.);
#73=FACE_BOUND('',#422,.T.);
#74=FACE_BOUND('',#424,.T.);
#75=FACE_BOUND('',#428,.T.);
#76=FACE_BOUND('',#430,.T.);
#77=FACE_BOUND('',#436,.T.);
#78=FACE_BOUND('',#438,.T.);
#79=FACE_BOUND('',#442,.T.);
#80=FACE_BOUND('',#444,.T.);
#81=CIRCLE('',#2921,2.5);
#82=CIRCLE('',#2925,2.5);
#83=CIRCLE('',#2928,2.);
#84=CIRCLE('',#2930,2.);
#85=CIRCLE('',#2932,2.);
#86=CIRCLE('',#2933,2.);
#87=CIRCLE('',#2935,2.);
#88=CIRCLE('',#2937,2.);
#89=CIRCLE('',#2940,1.99999999999999);
#90=CIRCLE('',#2942,1.99999999999999);
#91=CIRCLE('',#2944,1.99999999999999);
#92=CIRCLE('',#2945,1.99999999999999);
#93=CIRCLE('',#2947,1.99999999999999);
#94=CIRCLE('',#2949,1.99999999999999);
#95=CIRCLE('',#2952,1.99999999999999);
#96=CIRCLE('',#2953,1.99999999999999);
#97=CIRCLE('',#2955,1.99999999999999);
#98=CIRCLE('',#2957,1.99999999999999);
#99=CIRCLE('',#2960,1.99999999999999);
#100=CIRCLE('',#2962,1.99999999999999);
#101=CIRCLE('',#2964,1.99999999999999);
#102=CIRCLE('',#2966,1.99999999999999);
#103=CIRCLE('',#2968,1.99999999999999);
#104=CIRCLE('',#2969,1.99999999999999);
#105=CIRCLE('',#2971,1.99999999999999);
#106=CIRCLE('',#2973,1.99999999999999);
#107=CIRCLE('',#2982,2.);
#108=CIRCLE('',#2984,2.);
#109=CIRCLE('',#2987,1.99999999999999);
#110=CIRCLE('',#2989,1.99999999999999);
#111=CIRCLE('',#2991,1.99999999999999);
#112=CIRCLE('',#2993,1.99999999999999);
#113=CIRCLE('',#2995,1.99999999999999);
#114=CIRCLE('',#2997,1.99999999999999);
#115=CIRCLE('',#2999,2.5);
#116=CIRCLE('',#3000,2.5);
#117=CIRCLE('',#3001,2.5);
#118=CIRCLE('',#3003,2.5);
#119=CIRCLE('',#3004,2.5);
#120=CIRCLE('',#3005,2.5);
#121=CIRCLE('',#3038,1.99999999999999);
#122=CIRCLE('',#3045,1.99999999999999);
#123=CIRCLE('',#3050,1.99999999999999);
#124=CIRCLE('',#3057,2.);
#125=CIRCLE('',#3064,1.99999999999999);
#126=CIRCLE('',#3069,1.99999999999999);
#127=CIRCLE('',#3076,1.99999999999999);
#128=CIRCLE('',#3081,2.);
#129=FACE_OUTER_BOUND('',#289,.T.);
#130=FACE_OUTER_BOUND('',#290,.T.);
#131=FACE_OUTER_BOUND('',#291,.T.);
#132=FACE_OUTER_BOUND('',#292,.T.);
#133=FACE_OUTER_BOUND('',#293,.T.);
#134=FACE_OUTER_BOUND('',#294,.T.);
#135=FACE_OUTER_BOUND('',#295,.T.);
#136=FACE_OUTER_BOUND('',#296,.T.);
#137=FACE_OUTER_BOUND('',#297,.T.);
#138=FACE_OUTER_BOUND('',#298,.T.);
#139=FACE_OUTER_BOUND('',#299,.T.);
#140=FACE_OUTER_BOUND('',#300,.T.);
#141=FACE_OUTER_BOUND('',#301,.T.);
#142=FACE_OUTER_BOUND('',#302,.T.);
#143=FACE_OUTER_BOUND('',#303,.T.);
#144=FACE_OUTER_BOUND('',#304,.T.);
#145=FACE_OUTER_BOUND('',#305,.T.);
#146=FACE_OUTER_BOUND('',#306,.T.);
#147=FACE_OUTER_BOUND('',#307,.T.);
#148=FACE_OUTER_BOUND('',#308,.T.);
#149=FACE_OUTER_BOUND('',#309,.T.);
#150=FACE_OUTER_BOUND('',#310,.T.);
#151=FACE_OUTER_BOUND('',#312,.T.);
#152=FACE_OUTER_BOUND('',#314,.T.);
#153=FACE_OUTER_BOUND('',#315,.T.);
#154=FACE_OUTER_BOUND('',#317,.T.);
#155=FACE_OUTER_BOUND('',#318,.T.);
#156=FACE_OUTER_BOUND('',#319,.T.);
#157=FACE_OUTER_BOUND('',#320,.T.);
#158=FACE_OUTER_BOUND('',#321,.T.);
#159=FACE_OUTER_BOUND('',#322,.T.);
#160=FACE_OUTER_BOUND('',#323,.T.);
#161=FACE_OUTER_BOUND('',#324,.T.);
#162=FACE_OUTER_BOUND('',#325,.T.);
#163=FACE_OUTER_BOUND('',#326,.T.);
#164=FACE_OUTER_BOUND('',#327,.T.);
#165=FACE_OUTER_BOUND('',#328,.T.);
#166=FACE_OUTER_BOUND('',#329,.T.);
#167=FACE_OUTER_BOUND('',#330,.T.);
#168=FACE_OUTER_BOUND('',#331,.T.);
#169=FACE_OUTER_BOUND('',#332,.T.);
#170=FACE_OUTER_BOUND('',#333,.T.);
#171=FACE_OUTER_BOUND('',#334,.T.);
#172=FACE_OUTER_BOUND('',#335,.T.);
#173=FACE_OUTER_BOUND('',#336,.T.);
#174=FACE_OUTER_BOUND('',#338,.T.);
#175=FACE_OUTER_BOUND('',#339,.T.);
#176=FACE_OUTER_BOUND('',#340,.T.);
#177=FACE_OUTER_BOUND('',#341,.T.);
#178=FACE_OUTER_BOUND('',#343,.T.);
#179=FACE_OUTER_BOUND('',#345,.T.);
#180=FACE_OUTER_BOUND('',#346,.T.);
#181=FACE_OUTER_BOUND('',#348,.T.);
#182=FACE_OUTER_BOUND('',#350,.T.);
#183=FACE_OUTER_BOUND('',#352,.T.);
#184=FACE_OUTER_BOUND('',#354,.T.);
#185=FACE_OUTER_BOUND('',#356,.T.);
#186=FACE_OUTER_BOUND('',#358,.T.);
#187=FACE_OUTER_BOUND('',#359,.T.);
#188=FACE_OUTER_BOUND('',#360,.T.);
#189=FACE_OUTER_BOUND('',#361,.T.);
#190=FACE_OUTER_BOUND('',#362,.T.);
#191=FACE_OUTER_BOUND('',#363,.T.);
#192=FACE_OUTER_BOUND('',#364,.T.);
#193=FACE_OUTER_BOUND('',#365,.T.);
#194=FACE_OUTER_BOUND('',#366,.T.);
#195=FACE_OUTER_BOUND('',#367,.T.);
#196=FACE_OUTER_BOUND('',#368,.T.);
#197=FACE_OUTER_BOUND('',#369,.T.);
#198=FACE_OUTER_BOUND('',#370,.T.);
#199=FACE_OUTER_BOUND('',#371,.T.);
#200=FACE_OUTER_BOUND('',#372,.T.);
#201=FACE_OUTER_BOUND('',#373,.T.);
#202=FACE_OUTER_BOUND('',#374,.T.);
#203=FACE_OUTER_BOUND('',#375,.T.);
#204=FACE_OUTER_BOUND('',#376,.T.);
#205=FACE_OUTER_BOUND('',#377,.T.);
#206=FACE_OUTER_BOUND('',#378,.T.);
#207=FACE_OUTER_BOUND('',#379,.T.);
#208=FACE_OUTER_BOUND('',#380,.T.);
#209=FACE_OUTER_BOUND('',#381,.T.);
#210=FACE_OUTER_BOUND('',#382,.T.);
#211=FACE_OUTER_BOUND('',#383,.T.);
#212=FACE_OUTER_BOUND('',#384,.T.);
#213=FACE_OUTER_BOUND('',#385,.T.);
#214=FACE_OUTER_BOUND('',#386,.T.);
#215=FACE_OUTER_BOUND('',#387,.T.);
#216=FACE_OUTER_BOUND('',#388,.T.);
#217=FACE_OUTER_BOUND('',#389,.T.);
#218=FACE_OUTER_BOUND('',#390,.T.);
#219=FACE_OUTER_BOUND('',#391,.T.);
#220=FACE_OUTER_BOUND('',#393,.T.);
#221=FACE_OUTER_BOUND('',#395,.T.);
#222=FACE_OUTER_BOUND('',#396,.T.);
#223=FACE_OUTER_BOUND('',#397,.T.);
#224=FACE_OUTER_BOUND('',#398,.T.);
#225=FACE_OUTER_BOUND('',#399,.T.);
#226=FACE_OUTER_BOUND('',#401,.T.);
#227=FACE_OUTER_BOUND('',#403,.T.);
#228=FACE_OUTER_BOUND('',#404,.T.);
#229=FACE_OUTER_BOUND('',#405,.T.);
#230=FACE_OUTER_BOUND('',#407,.T.);
#231=FACE_OUTER_BOUND('',#409,.T.);
#232=FACE_OUTER_BOUND('',#410,.T.);
#233=FACE_OUTER_BOUND('',#411,.T.);
#234=FACE_OUTER_BOUND('',#412,.T.);
#235=FACE_OUTER_BOUND('',#413,.T.);
#236=FACE_OUTER_BOUND('',#415,.T.);
#237=FACE_OUTER_BOUND('',#417,.T.);
#238=FACE_OUTER_BOUND('',#418,.T.);
#239=FACE_OUTER_BOUND('',#419,.T.);
#240=FACE_OUTER_BOUND('',#420,.T.);
#241=FACE_OUTER_BOUND('',#421,.T.);
#242=FACE_OUTER_BOUND('',#423,.T.);
#243=FACE_OUTER_BOUND('',#425,.T.);
#244=FACE_OUTER_BOUND('',#426,.T.);
#245=FACE_OUTER_BOUND('',#427,.T.);
#246=FACE_OUTER_BOUND('',#429,.T.);
#247=FACE_OUTER_BOUND('',#431,.T.);
#248=FACE_OUTER_BOUND('',#432,.T.);
#249=FACE_OUTER_BOUND('',#433,.T.);
#250=FACE_OUTER_BOUND('',#434,.T.);
#251=FACE_OUTER_BOUND('',#435,.T.);
#252=FACE_OUTER_BOUND('',#437,.T.);
#253=FACE_OUTER_BOUND('',#439,.T.);
#254=FACE_OUTER_BOUND('',#440,.T.);
#255=FACE_OUTER_BOUND('',#441,.T.);
#256=FACE_OUTER_BOUND('',#443,.T.);
#257=FACE_OUTER_BOUND('',#445,.T.);
#258=FACE_OUTER_BOUND('',#446,.T.);
#259=FACE_OUTER_BOUND('',#447,.T.);
#260=FACE_OUTER_BOUND('',#448,.T.);
#261=FACE_OUTER_BOUND('',#449,.T.);
#262=FACE_OUTER_BOUND('',#450,.T.);
#263=FACE_OUTER_BOUND('',#451,.T.);
#264=FACE_OUTER_BOUND('',#452,.T.);
#265=FACE_OUTER_BOUND('',#453,.T.);
#266=FACE_OUTER_BOUND('',#454,.T.);
#267=FACE_OUTER_BOUND('',#455,.T.);
#268=FACE_OUTER_BOUND('',#456,.T.);
#269=FACE_OUTER_BOUND('',#457,.T.);
#270=FACE_OUTER_BOUND('',#458,.T.);
#271=FACE_OUTER_BOUND('',#459,.T.);
#272=FACE_OUTER_BOUND('',#460,.T.);
#273=FACE_OUTER_BOUND('',#461,.T.);
#274=FACE_OUTER_BOUND('',#462,.T.);
#275=FACE_OUTER_BOUND('',#463,.T.);
#276=FACE_OUTER_BOUND('',#464,.T.);
#277=FACE_OUTER_BOUND('',#465,.T.);
#278=FACE_OUTER_BOUND('',#466,.T.);
#279=FACE_OUTER_BOUND('',#467,.T.);
#280=FACE_OUTER_BOUND('',#468,.T.);
#281=FACE_OUTER_BOUND('',#469,.T.);
#282=FACE_OUTER_BOUND('',#470,.T.);
#283=FACE_OUTER_BOUND('',#471,.T.);
#284=FACE_OUTER_BOUND('',#472,.T.);
#285=FACE_OUTER_BOUND('',#473,.T.);
#286=FACE_OUTER_BOUND('',#474,.T.);
#287=FACE_OUTER_BOUND('',#475,.T.);
#288=FACE_OUTER_BOUND('',#476,.T.);
#289=EDGE_LOOP('',(#1807,#1808,#1809));
#290=EDGE_LOOP('',(#1810,#1811,#1812));
#291=EDGE_LOOP('',(#1813,#1814,#1815,#1816));
#292=EDGE_LOOP('',(#1817,#1818,#1819));
#293=EDGE_LOOP('',(#1820,#1821,#1822,#1823));
#294=EDGE_LOOP('',(#1824,#1825,#1826));
#295=EDGE_LOOP('',(#1827,#1828,#1829));
#296=EDGE_LOOP('',(#1830,#1831,#1832,#1833));
#297=EDGE_LOOP('',(#1834,#1835,#1836,#1837));
#298=EDGE_LOOP('',(#1838,#1839,#1840));
#299=EDGE_LOOP('',(#1841,#1842,#1843));
#300=EDGE_LOOP('',(#1844,#1845,#1846));
#301=EDGE_LOOP('',(#1847,#1848,#1849,#1850));
#302=EDGE_LOOP('',(#1851,#1852,#1853,#1854));
#303=EDGE_LOOP('',(#1855,#1856,#1857,#1858));
#304=EDGE_LOOP('',(#1859,#1860,#1861,#1862));
#305=EDGE_LOOP('',(#1863,#1864,#1865,#1866));
#306=EDGE_LOOP('',(#1867,#1868,#1869,#1870));
#307=EDGE_LOOP('',(#1871,#1872,#1873,#1874));
#308=EDGE_LOOP('',(#1875,#1876,#1877,#1878));
#309=EDGE_LOOP('',(#1879,#1880,#1881,#1882));
#310=EDGE_LOOP('',(#1883,#1884,#1885,#1886));
#311=EDGE_LOOP('',(#1887));
#312=EDGE_LOOP('',(#1888,#1889,#1890,#1891));
#313=EDGE_LOOP('',(#1892,#1893,#1894,#1895));
#314=EDGE_LOOP('',(#1896,#1897,#1898,#1899));
#315=EDGE_LOOP('',(#1900,#1901,#1902,#1903));
#316=EDGE_LOOP('',(#1904));
#317=EDGE_LOOP('',(#1905,#1906,#1907,#1908));
#318=EDGE_LOOP('',(#1909,#1910,#1911));
#319=EDGE_LOOP('',(#1912,#1913,#1914,#1915));
#320=EDGE_LOOP('',(#1916,#1917,#1918,#1919,#1920));
#321=EDGE_LOOP('',(#1921,#1922,#1923,#1924,#1925,#1926,#1927,#1928));
#322=EDGE_LOOP('',(#1929,#1930,#1931));
#323=EDGE_LOOP('',(#1932,#1933,#1934,#1935));
#324=EDGE_LOOP('',(#1936,#1937,#1938,#1939,#1940));
#325=EDGE_LOOP('',(#1941,#1942,#1943,#1944,#1945,#1946,#1947,#1948));
#326=EDGE_LOOP('',(#1949,#1950,#1951,#1952,#1953));
#327=EDGE_LOOP('',(#1954,#1955,#1956,#1957,#1958,#1959,#1960,#1961));
#328=EDGE_LOOP('',(#1962,#1963,#1964));
#329=EDGE_LOOP('',(#1965,#1966,#1967,#1968));
#330=EDGE_LOOP('',(#1969,#1970,#1971));
#331=EDGE_LOOP('',(#1972,#1973,#1974,#1975));
#332=EDGE_LOOP('',(#1976,#1977,#1978,#1979,#1980));
#333=EDGE_LOOP('',(#1981,#1982,#1983,#1984,#1985,#1986,#1987,#1988));
#334=EDGE_LOOP('',(#1989,#1990,#1991,#1992,#1993));
#335=EDGE_LOOP('',(#1994,#1995,#1996,#1997,#1998,#1999,#2000,#2001,#2002,
#2003,#2004,#2005,#2006,#2007,#2008,#2009));
#336=EDGE_LOOP('',(#2010,#2011,#2012,#2013,#2014,#2015,#2016,#2017,#2018,
#2019,#2020,#2021,#2022,#2023,#2024,#2025,#2026,#2027));
#337=EDGE_LOOP('',(#2028,#2029,#2030,#2031));
#338=EDGE_LOOP('',(#2032,#2033,#2034,#2035,#2036));
#339=EDGE_LOOP('',(#2037,#2038,#2039,#2040,#2041));
#340=EDGE_LOOP('',(#2042,#2043,#2044,#2045));
#341=EDGE_LOOP('',(#2046,#2047,#2048,#2049));
#342=EDGE_LOOP('',(#2050));
#343=EDGE_LOOP('',(#2051,#2052,#2053,#2054));
#344=EDGE_LOOP('',(#2055));
#345=EDGE_LOOP('',(#2056,#2057,#2058,#2059));
#346=EDGE_LOOP('',(#2060,#2061,#2062,#2063));
#347=EDGE_LOOP('',(#2064));
#348=EDGE_LOOP('',(#2065,#2066,#2067,#2068));
#349=EDGE_LOOP('',(#2069));
#350=EDGE_LOOP('',(#2070,#2071,#2072,#2073));
#351=EDGE_LOOP('',(#2074));
#352=EDGE_LOOP('',(#2075,#2076,#2077,#2078));
#353=EDGE_LOOP('',(#2079));
#354=EDGE_LOOP('',(#2080,#2081,#2082,#2083));
#355=EDGE_LOOP('',(#2084));
#356=EDGE_LOOP('',(#2085,#2086,#2087,#2088));
#357=EDGE_LOOP('',(#2089));
#358=EDGE_LOOP('',(#2090,#2091,#2092,#2093,#2094,#2095));
#359=EDGE_LOOP('',(#2096,#2097,#2098,#2099,#2100,#2101));
#360=EDGE_LOOP('',(#2102,#2103,#2104));
#361=EDGE_LOOP('',(#2105,#2106,#2107,#2108,#2109,#2110,#2111,#2112,#2113));
#362=EDGE_LOOP('',(#2114,#2115,#2116,#2117,#2118,#2119,#2120,#2121,#2122));
#363=EDGE_LOOP('',(#2123,#2124,#2125));
#364=EDGE_LOOP('',(#2126,#2127,#2128,#2129));
#365=EDGE_LOOP('',(#2130,#2131,#2132,#2133));
#366=EDGE_LOOP('',(#2134,#2135,#2136,#2137));
#367=EDGE_LOOP('',(#2138,#2139,#2140,#2141));
#368=EDGE_LOOP('',(#2142,#2143,#2144,#2145,#2146,#2147));
#369=EDGE_LOOP('',(#2148,#2149,#2150,#2151,#2152,#2153,#2154,#2155,#2156,
#2157,#2158,#2159,#2160,#2161,#2162,#2163,#2164,#2165,#2166,#2167,#2168,
#2169,#2170,#2171,#2172,#2173,#2174,#2175,#2176,#2177,#2178,#2179,#2180,
#2181));
#370=EDGE_LOOP('',(#2182,#2183,#2184,#2185));
#371=EDGE_LOOP('',(#2186,#2187,#2188,#2189));
#372=EDGE_LOOP('',(#2190,#2191,#2192,#2193));
#373=EDGE_LOOP('',(#2194,#2195,#2196,#2197));
#374=EDGE_LOOP('',(#2198,#2199,#2200,#2201,#2202));
#375=EDGE_LOOP('',(#2203,#2204,#2205,#2206));
#376=EDGE_LOOP('',(#2207,#2208,#2209,#2210,#2211));
#377=EDGE_LOOP('',(#2212,#2213,#2214,#2215));
#378=EDGE_LOOP('',(#2216,#2217,#2218,#2219,#2220));
#379=EDGE_LOOP('',(#2221,#2222,#2223,#2224));
#380=EDGE_LOOP('',(#2225,#2226,#2227,#2228,#2229));
#381=EDGE_LOOP('',(#2230,#2231,#2232,#2233));
#382=EDGE_LOOP('',(#2234,#2235,#2236,#2237,#2238));
#383=EDGE_LOOP('',(#2239,#2240,#2241,#2242,#2243,#2244));
#384=EDGE_LOOP('',(#2245,#2246,#2247,#2248,#2249));
#385=EDGE_LOOP('',(#2250,#2251,#2252,#2253,#2254));
#386=EDGE_LOOP('',(#2255,#2256,#2257,#2258,#2259,#2260));
#387=EDGE_LOOP('',(#2261,#2262,#2263,#2264,#2265));
#388=EDGE_LOOP('',(#2266,#2267,#2268,#2269,#2270,#2271,#2272,#2273,#2274,
#2275,#2276,#2277,#2278,#2279,#2280,#2281));
#389=EDGE_LOOP('',(#2282,#2283,#2284,#2285));
#390=EDGE_LOOP('',(#2286,#2287,#2288,#2289,#2290));
#391=EDGE_LOOP('',(#2291,#2292,#2293,#2294));
#392=EDGE_LOOP('',(#2295));
#393=EDGE_LOOP('',(#2296,#2297,#2298,#2299));
#394=EDGE_LOOP('',(#2300));
#395=EDGE_LOOP('',(#2301,#2302,#2303,#2304));
#396=EDGE_LOOP('',(#2305,#2306,#2307,#2308));
#397=EDGE_LOOP('',(#2309,#2310,#2311,#2312));
#398=EDGE_LOOP('',(#2313,#2314,#2315,#2316));
#399=EDGE_LOOP('',(#2317,#2318,#2319,#2320));
#400=EDGE_LOOP('',(#2321));
#401=EDGE_LOOP('',(#2322,#2323,#2324,#2325));
#402=EDGE_LOOP('',(#2326));
#403=EDGE_LOOP('',(#2327,#2328,#2329,#2330));
#404=EDGE_LOOP('',(#2331,#2332,#2333,#2334,#2335));
#405=EDGE_LOOP('',(#2336,#2337,#2338,#2339));
#406=EDGE_LOOP('',(#2340));
#407=EDGE_LOOP('',(#2341,#2342,#2343,#2344));
#408=EDGE_LOOP('',(#2345));
#409=EDGE_LOOP('',(#2346,#2347,#2348,#2349));
#410=EDGE_LOOP('',(#2350,#2351,#2352,#2353));
#411=EDGE_LOOP('',(#2354,#2355,#2356,#2357));
#412=EDGE_LOOP('',(#2358,#2359,#2360,#2361));
#413=EDGE_LOOP('',(#2362,#2363,#2364,#2365));
#414=EDGE_LOOP('',(#2366));
#415=EDGE_LOOP('',(#2367,#2368,#2369,#2370));
#416=EDGE_LOOP('',(#2371));
#417=EDGE_LOOP('',(#2372,#2373,#2374,#2375));
#418=EDGE_LOOP('',(#2376,#2377,#2378,#2379));
#419=EDGE_LOOP('',(#2380,#2381,#2382,#2383));
#420=EDGE_LOOP('',(#2384,#2385,#2386,#2387));
#421=EDGE_LOOP('',(#2388,#2389,#2390,#2391));
#422=EDGE_LOOP('',(#2392));
#423=EDGE_LOOP('',(#2393,#2394,#2395,#2396));
#424=EDGE_LOOP('',(#2397));
#425=EDGE_LOOP('',(#2398,#2399,#2400,#2401));
#426=EDGE_LOOP('',(#2402,#2403,#2404,#2405,#2406));
#427=EDGE_LOOP('',(#2407,#2408,#2409,#2410));
#428=EDGE_LOOP('',(#2411));
#429=EDGE_LOOP('',(#2412,#2413,#2414,#2415));
#430=EDGE_LOOP('',(#2416));
#431=EDGE_LOOP('',(#2417,#2418,#2419,#2420));
#432=EDGE_LOOP('',(#2421,#2422,#2423,#2424));
#433=EDGE_LOOP('',(#2425,#2426,#2427,#2428));
#434=EDGE_LOOP('',(#2429,#2430,#2431,#2432));
#435=EDGE_LOOP('',(#2433,#2434,#2435,#2436));
#436=EDGE_LOOP('',(#2437));
#437=EDGE_LOOP('',(#2438,#2439,#2440,#2441));
#438=EDGE_LOOP('',(#2442));
#439=EDGE_LOOP('',(#2443,#2444,#2445,#2446));
#440=EDGE_LOOP('',(#2447,#2448,#2449,#2450,#2451));
#441=EDGE_LOOP('',(#2452,#2453,#2454,#2455));
#442=EDGE_LOOP('',(#2456));
#443=EDGE_LOOP('',(#2457,#2458,#2459,#2460));
#444=EDGE_LOOP('',(#2461));
#445=EDGE_LOOP('',(#2462,#2463,#2464,#2465));
#446=EDGE_LOOP('',(#2466,#2467,#2468,#2469,#2470,#2471));
#447=EDGE_LOOP('',(#2472,#2473,#2474,#2475));
#448=EDGE_LOOP('',(#2476,#2477,#2478,#2479,#2480,#2481));
#449=EDGE_LOOP('',(#2482,#2483,#2484,#2485));
#450=EDGE_LOOP('',(#2486,#2487,#2488,#2489));
#451=EDGE_LOOP('',(#2490,#2491,#2492,#2493));
#452=EDGE_LOOP('',(#2494,#2495,#2496));
#453=EDGE_LOOP('',(#2497,#2498,#2499,#2500));
#454=EDGE_LOOP('',(#2501,#2502,#2503));
#455=EDGE_LOOP('',(#2504,#2505,#2506,#2507));
#456=EDGE_LOOP('',(#2508,#2509,#2510,#2511));
#457=EDGE_LOOP('',(#2512,#2513,#2514,#2515));
#458=EDGE_LOOP('',(#2516,#2517,#2518,#2519));
#459=EDGE_LOOP('',(#2520,#2521,#2522,#2523));
#460=EDGE_LOOP('',(#2524,#2525,#2526,#2527));
#461=EDGE_LOOP('',(#2528,#2529,#2530,#2531));
#462=EDGE_LOOP('',(#2532,#2533,#2534,#2535));
#463=EDGE_LOOP('',(#2536,#2537,#2538,#2539,#2540));
#464=EDGE_LOOP('',(#2541,#2542,#2543,#2544,#2545));
#465=EDGE_LOOP('',(#2546,#2547,#2548,#2549,#2550));
#466=EDGE_LOOP('',(#2551,#2552,#2553,#2554));
#467=EDGE_LOOP('',(#2555,#2556,#2557,#2558,#2559));
#468=EDGE_LOOP('',(#2560,#2561,#2562,#2563));
#469=EDGE_LOOP('',(#2564,#2565,#2566,#2567,#2568));
#470=EDGE_LOOP('',(#2569,#2570,#2571,#2572,#2573));
#471=EDGE_LOOP('',(#2574,#2575,#2576,#2577,#2578));
#472=EDGE_LOOP('',(#2579,#2580,#2581,#2582,#2583));
#473=EDGE_LOOP('',(#2584,#2585,#2586,#2587));
#474=EDGE_LOOP('',(#2588,#2589,#2590,#2591));
#475=EDGE_LOOP('',(#2592,#2593,#2594,#2595,#2596));
#476=EDGE_LOOP('',(#2597,#2598,#2599,#2600,#2601,#2602));
#477=LINE('',#3891,#815);
#478=LINE('',#3893,#816);
#479=LINE('',#3894,#817);
#480=LINE('',#3898,#818);
#481=LINE('',#3900,#819);
#482=LINE('',#3901,#820);
#483=LINE('',#3903,#821);
#484=LINE('',#3904,#822);
#485=LINE('',#3908,#823);
#486=LINE('',#3910,#824);
#487=LINE('',#3911,#825);
#488=LINE('',#3913,#826);
#489=LINE('',#3914,#827);
#490=LINE('',#3918,#828);
#491=LINE('',#3920,#829);
#492=LINE('',#3921,#830);
#493=LINE('',#3925,#831);
#494=LINE('',#3927,#832);
#495=LINE('',#3928,#833);
#496=LINE('',#3930,#834);
#497=LINE('',#3931,#835);
#498=LINE('',#3933,#836);
#499=LINE('',#3934,#837);
#500=LINE('',#3938,#838);
#501=LINE('',#3940,#839);
#502=LINE('',#3941,#840);
#503=LINE('',#3945,#841);
#504=LINE('',#3947,#842);
#505=LINE('',#3948,#843);
#506=LINE('',#3952,#844);
#507=LINE('',#3954,#845);
#508=LINE('',#3955,#846);
#509=LINE('',#3957,#847);
#510=LINE('',#3958,#848);
#511=LINE('',#3960,#849);
#512=LINE('',#3961,#850);
#513=LINE('',#3963,#851);
#514=LINE('',#3964,#852);
#515=LINE('',#3966,#853);
#516=LINE('',#3967,#854);
#517=LINE('',#3969,#855);
#518=LINE('',#3970,#856);
#519=LINE('',#3972,#857);
#520=LINE('',#3973,#858);
#521=LINE('',#3975,#859);
#522=LINE('',#3976,#860);
#523=LINE('',#3978,#861);
#524=LINE('',#3979,#862);
#525=LINE('',#3987,#863);
#526=LINE('',#3989,#864);
#527=LINE('',#3991,#865);
#528=LINE('',#3992,#866);
#529=LINE('',#4001,#867);
#530=LINE('',#4006,#868);
#531=LINE('',#4010,#869);
#532=LINE('',#4021,#870);
#533=LINE('',#4030,#871);
#534=LINE('',#4035,#872);
#535=LINE('',#4039,#873);
#536=LINE('',#4050,#874);
#537=LINE('',#4059,#875);
#538=LINE('',#4070,#876);
#539=LINE('',#4079,#877);
#540=LINE('',#4084,#878);
#541=LINE('',#4088,#879);
#542=LINE('',#4093,#880);
#543=LINE('',#4097,#881);
#544=LINE('',#4108,#882);
#545=LINE('',#4117,#883);
#546=LINE('',#4119,#884);
#547=LINE('',#4121,#885);
#548=LINE('',#4123,#886);
#549=LINE('',#4124,#887);
#550=LINE('',#4127,#888);
#551=LINE('',#4129,#889);
#552=LINE('',#4131,#890);
#553=LINE('',#4133,#891);
#554=LINE('',#4135,#892);
#555=LINE('',#4137,#893);
#556=LINE('',#4139,#894);
#557=LINE('',#4141,#895);
#558=LINE('',#4143,#896);
#559=LINE('',#4145,#897);
#560=LINE('',#4147,#898);
#561=LINE('',#4149,#899);
#562=LINE('',#4151,#900);
#563=LINE('',#4153,#901);
#564=LINE('',#4154,#902);
#565=LINE('',#4157,#903);
#566=LINE('',#4158,#904);
#567=LINE('',#4160,#905);
#568=LINE('',#4162,#906);
#569=LINE('',#4163,#907);
#570=LINE('',#4165,#908);
#571=LINE('',#4167,#909);
#572=LINE('',#4169,#910);
#573=LINE('',#4171,#911);
#574=LINE('',#4173,#912);
#575=LINE('',#4175,#913);
#576=LINE('',#4177,#914);
#577=LINE('',#4179,#915);
#578=LINE('',#4180,#916);
#579=LINE('',#4183,#917);
#580=LINE('',#4185,#918);
#581=LINE('',#4187,#919);
#582=LINE('',#4188,#920);
#583=LINE('',#4191,#921);
#584=LINE('',#4193,#922);
#585=LINE('',#4194,#923);
#586=LINE('',#4197,#924);
#587=LINE('',#4199,#925);
#588=LINE('',#4200,#926);
#589=LINE('',#4204,#927);
#590=LINE('',#4206,#928);
#591=LINE('',#4208,#929);
#592=LINE('',#4209,#930);
#593=LINE('',#4211,#931);
#594=LINE('',#4212,#932);
#595=LINE('',#4217,#933);
#596=LINE('',#4219,#934);
#597=LINE('',#4221,#935);
#598=LINE('',#4222,#936);
#599=LINE('',#4228,#937);
#600=LINE('',#4230,#938);
#601=LINE('',#4232,#939);
#602=LINE('',#4233,#940);
#603=LINE('',#4236,#941);
#604=LINE('',#4238,#942);
#605=LINE('',#4240,#943);
#606=LINE('',#4241,#944);
#607=LINE('',#4246,#945);
#608=LINE('',#4247,#946);
#609=LINE('',#4248,#947);
#610=LINE('',#4254,#948);
#611=LINE('',#4256,#949);
#612=LINE('',#4258,#950);
#613=LINE('',#4259,#951);
#614=LINE('',#4264,#952);
#615=LINE('',#4265,#953);
#616=LINE('',#4270,#954);
#617=LINE('',#4271,#955);
#618=LINE('',#4277,#956);
#619=LINE('',#4279,#957);
#620=LINE('',#4281,#958);
#621=LINE('',#4282,#959);
#622=LINE('',#4287,#960);
#623=LINE('',#4297,#961);
#624=LINE('',#4300,#962);
#625=LINE('',#4303,#963);
#626=LINE('',#4305,#964);
#627=LINE('',#4306,#965);
#628=LINE('',#4308,#966);
#629=LINE('',#4309,#967);
#630=LINE('',#4312,#968);
#631=LINE('',#4313,#969);
#632=LINE('',#4315,#970);
#633=LINE('',#4317,#971);
#634=LINE('',#4318,#972);
#635=LINE('',#4320,#973);
#636=LINE('',#4323,#974);
#637=LINE('',#4325,#975);
#638=LINE('',#4326,#976);
#639=LINE('',#4328,#977);
#640=LINE('',#4329,#978);
#641=LINE('',#4331,#979);
#642=LINE('',#4333,#980);
#643=LINE('',#4335,#981);
#644=LINE('',#4337,#982);
#645=LINE('',#4339,#983);
#646=LINE('',#4341,#984);
#647=LINE('',#4343,#985);
#648=LINE('',#4345,#986);
#649=LINE('',#4346,#987);
#650=LINE('',#4348,#988);
#651=LINE('',#4350,#989);
#652=LINE('',#4352,#990);
#653=LINE('',#4354,#991);
#654=LINE('',#4355,#992);
#655=LINE('',#4357,#993);
#656=LINE('',#4359,#994);
#657=LINE('',#4361,#995);
#658=LINE('',#4363,#996);
#659=LINE('',#4364,#997);
#660=LINE('',#4365,#998);
#661=LINE('',#4369,#999);
#662=LINE('',#4371,#1000);
#663=LINE('',#4373,#1001);
#664=LINE('',#4374,#1002);
#665=LINE('',#4378,#1003);
#666=LINE('',#4380,#1004);
#667=LINE('',#4382,#1005);
#668=LINE('',#4383,#1006);
#669=LINE('',#4387,#1007);
#670=LINE('',#4389,#1008);
#671=LINE('',#4391,#1009);
#672=LINE('',#4392,#1010);
#673=LINE('',#4396,#1011);
#674=LINE('',#4398,#1012);
#675=LINE('',#4400,#1013);
#676=LINE('',#4401,#1014);
#677=LINE('',#4404,#1015);
#678=LINE('',#4406,#1016);
#679=LINE('',#4408,#1017);
#680=LINE('',#4409,#1018);
#681=LINE('',#4412,#1019);
#682=LINE('',#4413,#1020);
#683=LINE('',#4416,#1021);
#684=LINE('',#4418,#1022);
#685=LINE('',#4420,#1023);
#686=LINE('',#4421,#1024);
#687=LINE('',#4424,#1025);
#688=LINE('',#4425,#1026);
#689=LINE('',#4428,#1027);
#690=LINE('',#4430,#1028);
#691=LINE('',#4432,#1029);
#692=LINE('',#4433,#1030);
#693=LINE('',#4436,#1031);
#694=LINE('',#4437,#1032);
#695=LINE('',#4440,#1033);
#696=LINE('',#4442,#1034);
#697=LINE('',#4444,#1035);
#698=LINE('',#4445,#1036);
#699=LINE('',#4448,#1037);
#700=LINE('',#4449,#1038);
#701=LINE('',#4452,#1039);
#702=LINE('',#4453,#1040);
#703=LINE('',#4454,#1041);
#704=LINE('',#4457,#1042);
#705=LINE('',#4458,#1043);
#706=LINE('',#4460,#1044);
#707=LINE('',#4461,#1045);
#708=LINE('',#4464,#1046);
#709=LINE('',#4465,#1047);
#710=LINE('',#4466,#1048);
#711=LINE('',#4469,#1049);
#712=LINE('',#4470,#1050);
#713=LINE('',#4472,#1051);
#714=LINE('',#4473,#1052);
#715=LINE('',#4475,#1053);
#716=LINE('',#4476,#1054);
#717=LINE('',#4477,#1055);
#718=LINE('',#4480,#1056);
#719=LINE('',#4482,#1057);
#720=LINE('',#4483,#1058);
#721=LINE('',#4485,#1059);
#722=LINE('',#4486,#1060);
#723=LINE('',#4494,#1061);
#724=LINE('',#4496,#1062);
#725=LINE('',#4498,#1063);
#726=LINE('',#4499,#1064);
#727=LINE('',#4502,#1065);
#728=LINE('',#4504,#1066);
#729=LINE('',#4505,#1067);
#730=LINE('',#4508,#1068);
#731=LINE('',#4510,#1069);
#732=LINE('',#4511,#1070);
#733=LINE('',#4513,#1071);
#734=LINE('',#4514,#1072);
#735=LINE('',#4521,#1073);
#736=LINE('',#4523,#1074);
#737=LINE('',#4524,#1075);
#738=LINE('',#4526,#1076);
#739=LINE('',#4527,#1077);
#740=LINE('',#4535,#1078);
#741=LINE('',#4537,#1079);
#742=LINE('',#4539,#1080);
#743=LINE('',#4540,#1081);
#744=LINE('',#4543,#1082);
#745=LINE('',#4545,#1083);
#746=LINE('',#4546,#1084);
#747=LINE('',#4549,#1085);
#748=LINE('',#4551,#1086);
#749=LINE('',#4552,#1087);
#750=LINE('',#4554,#1088);
#751=LINE('',#4555,#1089);
#752=LINE('',#4563,#1090);
#753=LINE('',#4565,#1091);
#754=LINE('',#4567,#1092);
#755=LINE('',#4568,#1093);
#756=LINE('',#4571,#1094);
#757=LINE('',#4573,#1095);
#758=LINE('',#4574,#1096);
#759=LINE('',#4577,#1097);
#760=LINE('',#4579,#1098);
#761=LINE('',#4580,#1099);
#762=LINE('',#4582,#1100);
#763=LINE('',#4583,#1101);
#764=LINE('',#4590,#1102);
#765=LINE('',#4592,#1103);
#766=LINE('',#4593,#1104);
#767=LINE('',#4595,#1105);
#768=LINE('',#4596,#1106);
#769=LINE('',#4604,#1107);
#770=LINE('',#4606,#1108);
#771=LINE('',#4608,#1109);
#772=LINE('',#4609,#1110);
#773=LINE('',#4612,#1111);
#774=LINE('',#4614,#1112);
#775=LINE('',#4615,#1113);
#776=LINE('',#4618,#1114);
#777=LINE('',#4620,#1115);
#778=LINE('',#4621,#1116);
#779=LINE('',#4623,#1117);
#780=LINE('',#4624,#1118);
#781=LINE('',#4631,#1119);
#782=LINE('',#4633,#1120);
#783=LINE('',#4634,#1121);
#784=LINE('',#4636,#1122);
#785=LINE('',#4637,#1123);
#786=LINE('',#4643,#1124);
#787=LINE('',#4646,#1125);
#788=LINE('',#4647,#1126);
#789=LINE('',#4650,#1127);
#790=LINE('',#4651,#1128);
#791=LINE('',#4654,#1129);
#792=LINE('',#4655,#1130);
#793=LINE('',#4658,#1131);
#794=LINE('',#4659,#1132);
#795=LINE('',#4662,#1133);
#796=LINE('',#4663,#1134);
#797=LINE('',#4665,#1135);
#798=LINE('',#4668,#1136);
#799=LINE('',#4669,#1137);
#800=LINE('',#4672,#1138);
#801=LINE('',#4673,#1139);
#802=LINE('',#4675,#1140);
#803=LINE('',#4678,#1141);
#804=LINE('',#4680,#1142);
#805=LINE('',#4682,#1143);
#806=LINE('',#4684,#1144);
#807=LINE('',#4686,#1145);
#808=LINE('',#4688,#1146);
#809=LINE('',#4690,#1147);
#810=LINE('',#4692,#1148);
#811=LINE('',#4695,#1149);
#812=LINE('',#4698,#1150);
#813=LINE('',#4701,#1151);
#814=LINE('',#4704,#1152);
#815=VECTOR('',#3119,10.);
#816=VECTOR('',#3120,10.);
#817=VECTOR('',#3121,10.);
#818=VECTOR('',#3124,10.);
#819=VECTOR('',#3125,10.);
#820=VECTOR('',#3126,10.);
#821=VECTOR('',#3129,10.);
#822=VECTOR('',#3130,10.);
#823=VECTOR('',#3133,10.);
#824=VECTOR('',#3134,10.);
#825=VECTOR('',#3135,10.);
#826=VECTOR('',#3138,10.);
#827=VECTOR('',#3139,10.);
#828=VECTOR('',#3142,10.);
#829=VECTOR('',#3143,10.);
#830=VECTOR('',#3144,10.);
#831=VECTOR('',#3147,10.);
#832=VECTOR('',#3148,10.);
#833=VECTOR('',#3149,10.);
#834=VECTOR('',#3152,10.);
#835=VECTOR('',#3153,10.);
#836=VECTOR('',#3156,10.);
#837=VECTOR('',#3157,10.);
#838=VECTOR('',#3160,10.);
#839=VECTOR('',#3161,10.);
#840=VECTOR('',#3162,10.);
#841=VECTOR('',#3165,10.);
#842=VECTOR('',#3166,10.);
#843=VECTOR('',#3167,10.);
#844=VECTOR('',#3170,10.);
#845=VECTOR('',#3171,10.);
#846=VECTOR('',#3172,10.);
#847=VECTOR('',#3175,10.);
#848=VECTOR('',#3176,10.);
#849=VECTOR('',#3179,10.);
#850=VECTOR('',#3180,10.);
#851=VECTOR('',#3183,10.);
#852=VECTOR('',#3184,10.);
#853=VECTOR('',#3187,10.);
#854=VECTOR('',#3188,10.);
#855=VECTOR('',#3191,10.);
#856=VECTOR('',#3192,10.);
#857=VECTOR('',#3195,10.);
#858=VECTOR('',#3196,10.);
#859=VECTOR('',#3199,10.);
#860=VECTOR('',#3200,10.);
#861=VECTOR('',#3203,10.);
#862=VECTOR('',#3204,10.);
#863=VECTOR('',#3213,10.);
#864=VECTOR('',#3214,10.);
#865=VECTOR('',#3215,10.);
#866=VECTOR('',#3216,10.);
#867=VECTOR('',#3227,2.);
#868=VECTOR('',#3234,2.);
#869=VECTOR('',#3237,2.);
#870=VECTOR('',#3246,2.);
#871=VECTOR('',#3255,1.99999999999999);
#872=VECTOR('',#3262,1.99999999999999);
#873=VECTOR('',#3265,1.99999999999999);
#874=VECTOR('',#3274,1.99999999999999);
#875=VECTOR('',#3283,1.99999999999999);
#876=VECTOR('',#3292,1.99999999999999);
#877=VECTOR('',#3301,1.99999999999999);
#878=VECTOR('',#3308,1.99999999999999);
#879=VECTOR('',#3311,1.99999999999999);
#880=VECTOR('',#3318,1.99999999999999);
#881=VECTOR('',#3321,1.99999999999999);
#882=VECTOR('',#3330,1.99999999999999);
#883=VECTOR('',#3339,10.);
#884=VECTOR('',#3340,10.);
#885=VECTOR('',#3341,10.);
#886=VECTOR('',#3342,10.);
#887=VECTOR('',#3343,10.);
#888=VECTOR('',#3346,10.);
#889=VECTOR('',#3347,10.);
#890=VECTOR('',#3348,10.);
#891=VECTOR('',#3349,10.);
#892=VECTOR('',#3350,10.);
#893=VECTOR('',#3351,10.);
#894=VECTOR('',#3352,10.);
#895=VECTOR('',#3353,10.);
#896=VECTOR('',#3354,10.);
#897=VECTOR('',#3355,10.);
#898=VECTOR('',#3356,10.);
#899=VECTOR('',#3357,10.);
#900=VECTOR('',#3358,10.);
#901=VECTOR('',#3359,10.);
#902=VECTOR('',#3360,10.);
#903=VECTOR('',#3363,10.);
#904=VECTOR('',#3364,10.);
#905=VECTOR('',#3365,10.);
#906=VECTOR('',#3366,10.);
#907=VECTOR('',#3367,10.);
#908=VECTOR('',#3368,10.);
#909=VECTOR('',#3369,10.);
#910=VECTOR('',#3370,10.);
#911=VECTOR('',#3371,10.);
#912=VECTOR('',#3372,10.);
#913=VECTOR('',#3373,10.);
#914=VECTOR('',#3374,10.);
#915=VECTOR('',#3375,10.);
#916=VECTOR('',#3376,10.);
#917=VECTOR('',#3377,10.);
#918=VECTOR('',#3378,10.);
#919=VECTOR('',#3379,10.);
#920=VECTOR('',#3380,10.);
#921=VECTOR('',#3383,10.);
#922=VECTOR('',#3384,10.);
#923=VECTOR('',#3385,10.);
#924=VECTOR('',#3388,10.);
#925=VECTOR('',#3389,10.);
#926=VECTOR('',#3390,10.);
#927=VECTOR('',#3393,10.);
#928=VECTOR('',#3394,10.);
#929=VECTOR('',#3395,10.);
#930=VECTOR('',#3396,10.);
#931=VECTOR('',#3399,10.);
#932=VECTOR('',#3400,10.);
#933=VECTOR('',#3405,10.);
#934=VECTOR('',#3406,10.);
#935=VECTOR('',#3407,10.);
#936=VECTOR('',#3408,10.);
#937=VECTOR('',#3413,10.);
#938=VECTOR('',#3414,10.);
#939=VECTOR('',#3415,10.);
#940=VECTOR('',#3416,10.);
#941=VECTOR('',#3419,10.);
#942=VECTOR('',#3420,10.);
#943=VECTOR('',#3421,10.);
#944=VECTOR('',#3422,10.);
#945=VECTOR('',#3427,10.);
#946=VECTOR('',#3428,10.);
#947=VECTOR('',#3429,10.);
#948=VECTOR('',#3434,10.);
#949=VECTOR('',#3435,10.);
#950=VECTOR('',#3436,10.);
#951=VECTOR('',#3437,10.);
#952=VECTOR('',#3442,10.);
#953=VECTOR('',#3443,10.);
#954=VECTOR('',#3448,10.);
#955=VECTOR('',#3449,10.);
#956=VECTOR('',#3454,10.);
#957=VECTOR('',#3455,10.);
#958=VECTOR('',#3456,10.);
#959=VECTOR('',#3457,10.);
#960=VECTOR('',#3462,2.5);
#961=VECTOR('',#3475,2.5);
#962=VECTOR('',#3480,10.);
#963=VECTOR('',#3483,10.);
#964=VECTOR('',#3484,10.);
#965=VECTOR('',#3485,10.);
#966=VECTOR('',#3486,10.);
#967=VECTOR('',#3487,10.);
#968=VECTOR('',#3490,10.);
#969=VECTOR('',#3491,10.);
#970=VECTOR('',#3492,10.);
#971=VECTOR('',#3493,10.);
#972=VECTOR('',#3494,10.);
#973=VECTOR('',#3497,10.);
#974=VECTOR('',#3500,10.);
#975=VECTOR('',#3501,10.);
#976=VECTOR('',#3502,10.);
#977=VECTOR('',#3505,10.);
#978=VECTOR('',#3506,10.);
#979=VECTOR('',#3509,10.);
#980=VECTOR('',#3512,10.);
#981=VECTOR('',#3515,10.);
#982=VECTOR('',#3518,10.);
#983=VECTOR('',#3519,10.);
#984=VECTOR('',#3520,10.);
#985=VECTOR('',#3521,10.);
#986=VECTOR('',#3522,10.);
#987=VECTOR('',#3523,10.);
#988=VECTOR('',#3524,10.);
#989=VECTOR('',#3525,10.);
#990=VECTOR('',#3526,10.);
#991=VECTOR('',#3527,10.);
#992=VECTOR('',#3528,10.);
#993=VECTOR('',#3529,10.);
#994=VECTOR('',#3530,10.);
#995=VECTOR('',#3531,10.);
#996=VECTOR('',#3532,10.);
#997=VECTOR('',#3533,10.);
#998=VECTOR('',#3534,10.);
#999=VECTOR('',#3537,10.);
#1000=VECTOR('',#3538,10.);
#1001=VECTOR('',#3539,10.);
#1002=VECTOR('',#3540,10.);
#1003=VECTOR('',#3543,10.);
#1004=VECTOR('',#3544,10.);
#1005=VECTOR('',#3545,10.);
#1006=VECTOR('',#3546,10.);
#1007=VECTOR('',#3549,10.);
#1008=VECTOR('',#3550,10.);
#1009=VECTOR('',#3551,10.);
#1010=VECTOR('',#3552,10.);
#1011=VECTOR('',#3555,10.);
#1012=VECTOR('',#3556,10.);
#1013=VECTOR('',#3557,10.);
#1014=VECTOR('',#3558,10.);
#1015=VECTOR('',#3561,10.);
#1016=VECTOR('',#3562,10.);
#1017=VECTOR('',#3563,10.);
#1018=VECTOR('',#3564,10.);
#1019=VECTOR('',#3567,10.);
#1020=VECTOR('',#3568,10.);
#1021=VECTOR('',#3571,10.);
#1022=VECTOR('',#3572,10.);
#1023=VECTOR('',#3573,10.);
#1024=VECTOR('',#3574,10.);
#1025=VECTOR('',#3577,10.);
#1026=VECTOR('',#3578,10.);
#1027=VECTOR('',#3581,10.);
#1028=VECTOR('',#3582,10.);
#1029=VECTOR('',#3583,10.);
#1030=VECTOR('',#3584,10.);
#1031=VECTOR('',#3587,10.);
#1032=VECTOR('',#3588,10.);
#1033=VECTOR('',#3591,10.);
#1034=VECTOR('',#3592,10.);
#1035=VECTOR('',#3593,10.);
#1036=VECTOR('',#3594,10.);
#1037=VECTOR('',#3597,10.);
#1038=VECTOR('',#3598,10.);
#1039=VECTOR('',#3601,10.);
#1040=VECTOR('',#3602,10.);
#1041=VECTOR('',#3603,10.);
#1042=VECTOR('',#3606,10.);
#1043=VECTOR('',#3607,10.);
#1044=VECTOR('',#3610,10.);
#1045=VECTOR('',#3611,10.);
#1046=VECTOR('',#3614,10.);
#1047=VECTOR('',#3615,10.);
#1048=VECTOR('',#3616,10.);
#1049=VECTOR('',#3619,10.);
#1050=VECTOR('',#3620,10.);
#1051=VECTOR('',#3623,10.);
#1052=VECTOR('',#3624,10.);
#1053=VECTOR('',#3627,10.);
#1054=VECTOR('',#3628,10.);
#1055=VECTOR('',#3629,10.);
#1056=VECTOR('',#3632,10.);
#1057=VECTOR('',#3633,10.);
#1058=VECTOR('',#3634,10.);
#1059=VECTOR('',#3637,10.);
#1060=VECTOR('',#3638,10.);
#1061=VECTOR('',#3647,10.);
#1062=VECTOR('',#3648,10.);
#1063=VECTOR('',#3649,10.);
#1064=VECTOR('',#3650,10.);
#1065=VECTOR('',#3653,10.);
#1066=VECTOR('',#3654,10.);
#1067=VECTOR('',#3655,10.);
#1068=VECTOR('',#3658,10.);
#1069=VECTOR('',#3659,10.);
#1070=VECTOR('',#3660,10.);
#1071=VECTOR('',#3663,10.);
#1072=VECTOR('',#3664,10.);
#1073=VECTOR('',#3673,10.);
#1074=VECTOR('',#3674,10.);
#1075=VECTOR('',#3675,10.);
#1076=VECTOR('',#3678,10.);
#1077=VECTOR('',#3679,10.);
#1078=VECTOR('',#3688,10.);
#1079=VECTOR('',#3689,10.);
#1080=VECTOR('',#3690,10.);
#1081=VECTOR('',#3691,10.);
#1082=VECTOR('',#3694,10.);
#1083=VECTOR('',#3695,10.);
#1084=VECTOR('',#3696,10.);
#1085=VECTOR('',#3699,10.);
#1086=VECTOR('',#3700,10.);
#1087=VECTOR('',#3701,10.);
#1088=VECTOR('',#3704,10.);
#1089=VECTOR('',#3705,10.);
#1090=VECTOR('',#3714,10.);
#1091=VECTOR('',#3715,10.);
#1092=VECTOR('',#3716,10.);
#1093=VECTOR('',#3717,10.);
#1094=VECTOR('',#3720,10.);
#1095=VECTOR('',#3721,10.);
#1096=VECTOR('',#3722,10.);
#1097=VECTOR('',#3725,10.);
#1098=VECTOR('',#3726,10.);
#1099=VECTOR('',#3727,10.);
#1100=VECTOR('',#3730,10.);
#1101=VECTOR('',#3731,10.);
#1102=VECTOR('',#3740,10.);
#1103=VECTOR('',#3741,10.);
#1104=VECTOR('',#3742,10.);
#1105=VECTOR('',#3745,10.);
#1106=VECTOR('',#3746,10.);
#1107=VECTOR('',#3755,10.);
#1108=VECTOR('',#3756,10.);
#1109=VECTOR('',#3757,10.);
#1110=VECTOR('',#3758,10.);
#1111=VECTOR('',#3761,10.);
#1112=VECTOR('',#3762,10.);
#1113=VECTOR('',#3763,10.);
#1114=VECTOR('',#3766,10.);
#1115=VECTOR('',#3767,10.);
#1116=VECTOR('',#3768,10.);
#1117=VECTOR('',#3771,10.);
#1118=VECTOR('',#3772,10.);
#1119=VECTOR('',#3781,10.);
#1120=VECTOR('',#3782,10.);
#1121=VECTOR('',#3783,10.);
#1122=VECTOR('',#3786,10.);
#1123=VECTOR('',#3787,10.);
#1124=VECTOR('',#3796,2.);
#1125=VECTOR('',#3799,10.);
#1126=VECTOR('',#3800,10.);
#1127=VECTOR('',#3803,10.);
#1128=VECTOR('',#3804,10.);
#1129=VECTOR('',#3807,10.);
#1130=VECTOR('',#3808,10.);
#1131=VECTOR('',#3811,10.);
#1132=VECTOR('',#3812,10.);
#1133=VECTOR('',#3815,10.);
#1134=VECTOR('',#3816,10.);
#1135=VECTOR('',#3819,10.);
#1136=VECTOR('',#3822,10.);
#1137=VECTOR('',#3823,10.);
#1138=VECTOR('',#3826,10.);
#1139=VECTOR('',#3827,10.);
#1140=VECTOR('',#3830,10.);
#1141=VECTOR('',#3835,1.99999999999999);
#1142=VECTOR('',#3838,1.99999999999999);
#1143=VECTOR('',#3841,1.99999999999999);
#1144=VECTOR('',#3844,1.99999999999999);
#1145=VECTOR('',#3847,1.99999999999999);
#1146=VECTOR('',#3850,1.99999999999999);
#1147=VECTOR('',#3853,2.);
#1148=VECTOR('',#3856,10.);
#1149=VECTOR('',#3861,10.);
#1150=VECTOR('',#3866,10.);
#1151=VECTOR('',#3871,10.);
#1152=VECTOR('',#3876,10.);
#1153=VERTEX_POINT('',#3889);
#1154=VERTEX_POINT('',#3890);
#1155=VERTEX_POINT('',#3892);
#1156=VERTEX_POINT('',#3896);
#1157=VERTEX_POINT('',#3897);
#1158=VERTEX_POINT('',#3899);
#1159=VERTEX_POINT('',#3906);
#1160=VERTEX_POINT('',#3907);
#1161=VERTEX_POINT('',#3909);
#1162=VERTEX_POINT('',#3916);
#1163=VERTEX_POINT('',#3917);
#1164=VERTEX_POINT('',#3919);
#1165=VERTEX_POINT('',#3923);
#1166=VERTEX_POINT('',#3924);
#1167=VERTEX_POINT('',#3926);
#1168=VERTEX_POINT('',#3936);
#1169=VERTEX_POINT('',#3937);
#1170=VERTEX_POINT('',#3939);
#1171=VERTEX_POINT('',#3943);
#1172=VERTEX_POINT('',#3944);
#1173=VERTEX_POINT('',#3946);
#1174=VERTEX_POINT('',#3950);
#1175=VERTEX_POINT('',#3951);
#1176=VERTEX_POINT('',#3953);
#1177=VERTEX_POINT('',#3982);
#1178=VERTEX_POINT('',#3985);
#1179=VERTEX_POINT('',#3986);
#1180=VERTEX_POINT('',#3988);
#1181=VERTEX_POINT('',#3990);
#1182=VERTEX_POINT('',#3995);
#1183=VERTEX_POINT('',#3999);
#1184=VERTEX_POINT('',#4000);
#1185=VERTEX_POINT('',#4004);
#1186=VERTEX_POINT('',#4008);
#1187=VERTEX_POINT('',#4009);
#1188=VERTEX_POINT('',#4011);
#1189=VERTEX_POINT('',#4013);
#1190=VERTEX_POINT('',#4019);
#1191=VERTEX_POINT('',#4022);
#1192=VERTEX_POINT('',#4024);
#1193=VERTEX_POINT('',#4028);
#1194=VERTEX_POINT('',#4029);
#1195=VERTEX_POINT('',#4033);
#1196=VERTEX_POINT('',#4037);
#1197=VERTEX_POINT('',#4038);
#1198=VERTEX_POINT('',#4040);
#1199=VERTEX_POINT('',#4042);
#1200=VERTEX_POINT('',#4048);
#1201=VERTEX_POINT('',#4051);
#1202=VERTEX_POINT('',#4053);
#1203=VERTEX_POINT('',#4057);
#1204=VERTEX_POINT('',#4058);
#1205=VERTEX_POINT('',#4060);
#1206=VERTEX_POINT('',#4062);
#1207=VERTEX_POINT('',#4068);
#1208=VERTEX_POINT('',#4071);
#1209=VERTEX_POINT('',#4073);
#1210=VERTEX_POINT('',#4077);
#1211=VERTEX_POINT('',#4078);
#1212=VERTEX_POINT('',#4082);
#1213=VERTEX_POINT('',#4086);
#1214=VERTEX_POINT('',#4087);
#1215=VERTEX_POINT('',#4091);
#1216=VERTEX_POINT('',#4095);
#1217=VERTEX_POINT('',#4096);
#1218=VERTEX_POINT('',#4098);
#1219=VERTEX_POINT('',#4100);
#1220=VERTEX_POINT('',#4106);
#1221=VERTEX_POINT('',#4109);
#1222=VERTEX_POINT('',#4111);
#1223=VERTEX_POINT('',#4115);
#1224=VERTEX_POINT('',#4116);
#1225=VERTEX_POINT('',#4118);
#1226=VERTEX_POINT('',#4120);
#1227=VERTEX_POINT('',#4122);
#1228=VERTEX_POINT('',#4126);
#1229=VERTEX_POINT('',#4128);
#1230=VERTEX_POINT('',#4130);
#1231=VERTEX_POINT('',#4132);
#1232=VERTEX_POINT('',#4134);
#1233=VERTEX_POINT('',#4136);
#1234=VERTEX_POINT('',#4138);
#1235=VERTEX_POINT('',#4140);
#1236=VERTEX_POINT('',#4142);
#1237=VERTEX_POINT('',#4144);
#1238=VERTEX_POINT('',#4146);
#1239=VERTEX_POINT('',#4148);
#1240=VERTEX_POINT('',#4150);
#1241=VERTEX_POINT('',#4152);
#1242=VERTEX_POINT('',#4156);
#1243=VERTEX_POINT('',#4159);
#1244=VERTEX_POINT('',#4161);
#1245=VERTEX_POINT('',#4164);
#1246=VERTEX_POINT('',#4166);
#1247=VERTEX_POINT('',#4168);
#1248=VERTEX_POINT('',#4170);
#1249=VERTEX_POINT('',#4172);
#1250=VERTEX_POINT('',#4174);
#1251=VERTEX_POINT('',#4176);
#1252=VERTEX_POINT('',#4178);
#1253=VERTEX_POINT('',#4181);
#1254=VERTEX_POINT('',#4182);
#1255=VERTEX_POINT('',#4184);
#1256=VERTEX_POINT('',#4186);
#1257=VERTEX_POINT('',#4190);
#1258=VERTEX_POINT('',#4192);
#1259=VERTEX_POINT('',#4196);
#1260=VERTEX_POINT('',#4198);
#1261=VERTEX_POINT('',#4202);
#1262=VERTEX_POINT('',#4203);
#1263=VERTEX_POINT('',#4205);
#1264=VERTEX_POINT('',#4207);
#1265=VERTEX_POINT('',#4213);
#1266=VERTEX_POINT('',#4216);
#1267=VERTEX_POINT('',#4218);
#1268=VERTEX_POINT('',#4220);
#1269=VERTEX_POINT('',#4223);
#1270=VERTEX_POINT('',#4226);
#1271=VERTEX_POINT('',#4227);
#1272=VERTEX_POINT('',#4229);
#1273=VERTEX_POINT('',#4231);
#1274=VERTEX_POINT('',#4235);
#1275=VERTEX_POINT('',#4237);
#1276=VERTEX_POINT('',#4239);
#1277=VERTEX_POINT('',#4242);
#1278=VERTEX_POINT('',#4245);
#1279=VERTEX_POINT('',#4249);
#1280=VERTEX_POINT('',#4252);
#1281=VERTEX_POINT('',#4253);
#1282=VERTEX_POINT('',#4255);
#1283=VERTEX_POINT('',#4257);
#1284=VERTEX_POINT('',#4260);
#1285=VERTEX_POINT('',#4263);
#1286=VERTEX_POINT('',#4266);
#1287=VERTEX_POINT('',#4269);
#1288=VERTEX_POINT('',#4272);
#1289=VERTEX_POINT('',#4275);
#1290=VERTEX_POINT('',#4276);
#1291=VERTEX_POINT('',#4278);
#1292=VERTEX_POINT('',#4280);
#1293=VERTEX_POINT('',#4283);
#1294=VERTEX_POINT('',#4286);
#1295=VERTEX_POINT('',#4289);
#1296=VERTEX_POINT('',#4293);
#1297=VERTEX_POINT('',#4295);
#1298=VERTEX_POINT('',#4302);
#1299=VERTEX_POINT('',#4304);
#1300=VERTEX_POINT('',#4307);
#1301=VERTEX_POINT('',#4311);
#1302=VERTEX_POINT('',#4314);
#1303=VERTEX_POINT('',#4316);
#1304=VERTEX_POINT('',#4322);
#1305=VERTEX_POINT('',#4324);
#1306=VERTEX_POINT('',#4338);
#1307=VERTEX_POINT('',#4340);
#1308=VERTEX_POINT('',#4342);
#1309=VERTEX_POINT('',#4344);
#1310=VERTEX_POINT('',#4347);
#1311=VERTEX_POINT('',#4349);
#1312=VERTEX_POINT('',#4351);
#1313=VERTEX_POINT('',#4353);
#1314=VERTEX_POINT('',#4356);
#1315=VERTEX_POINT('',#4358);
#1316=VERTEX_POINT('',#4360);
#1317=VERTEX_POINT('',#4362);
#1318=VERTEX_POINT('',#4367);
#1319=VERTEX_POINT('',#4368);
#1320=VERTEX_POINT('',#4370);
#1321=VERTEX_POINT('',#4372);
#1322=VERTEX_POINT('',#4376);
#1323=VERTEX_POINT('',#4377);
#1324=VERTEX_POINT('',#4379);
#1325=VERTEX_POINT('',#4381);
#1326=VERTEX_POINT('',#4385);
#1327=VERTEX_POINT('',#4386);
#1328=VERTEX_POINT('',#4388);
#1329=VERTEX_POINT('',#4390);
#1330=VERTEX_POINT('',#4394);
#1331=VERTEX_POINT('',#4395);
#1332=VERTEX_POINT('',#4397);
#1333=VERTEX_POINT('',#4399);
#1334=VERTEX_POINT('',#4403);
#1335=VERTEX_POINT('',#4405);
#1336=VERTEX_POINT('',#4407);
#1337=VERTEX_POINT('',#4411);
#1338=VERTEX_POINT('',#4415);
#1339=VERTEX_POINT('',#4417);
#1340=VERTEX_POINT('',#4419);
#1341=VERTEX_POINT('',#4423);
#1342=VERTEX_POINT('',#4427);
#1343=VERTEX_POINT('',#4429);
#1344=VERTEX_POINT('',#4431);
#1345=VERTEX_POINT('',#4435);
#1346=VERTEX_POINT('',#4439);
#1347=VERTEX_POINT('',#4441);
#1348=VERTEX_POINT('',#4443);
#1349=VERTEX_POINT('',#4447);
#1350=VERTEX_POINT('',#4451);
#1351=VERTEX_POINT('',#4456);
#1352=VERTEX_POINT('',#4463);
#1353=VERTEX_POINT('',#4468);
#1354=VERTEX_POINT('',#4479);
#1355=VERTEX_POINT('',#4481);
#1356=VERTEX_POINT('',#4488);
#1357=VERTEX_POINT('',#4492);
#1358=VERTEX_POINT('',#4493);
#1359=VERTEX_POINT('',#4495);
#1360=VERTEX_POINT('',#4497);
#1361=VERTEX_POINT('',#4501);
#1362=VERTEX_POINT('',#4503);
#1363=VERTEX_POINT('',#4507);
#1364=VERTEX_POINT('',#4509);
#1365=VERTEX_POINT('',#4516);
#1366=VERTEX_POINT('',#4520);
#1367=VERTEX_POINT('',#4522);
#1368=VERTEX_POINT('',#4529);
#1369=VERTEX_POINT('',#4533);
#1370=VERTEX_POINT('',#4534);
#1371=VERTEX_POINT('',#4536);
#1372=VERTEX_POINT('',#4538);
#1373=VERTEX_POINT('',#4542);
#1374=VERTEX_POINT('',#4544);
#1375=VERTEX_POINT('',#4548);
#1376=VERTEX_POINT('',#4550);
#1377=VERTEX_POINT('',#4557);
#1378=VERTEX_POINT('',#4561);
#1379=VERTEX_POINT('',#4562);
#1380=VERTEX_POINT('',#4564);
#1381=VERTEX_POINT('',#4566);
#1382=VERTEX_POINT('',#4570);
#1383=VERTEX_POINT('',#4572);
#1384=VERTEX_POINT('',#4576);
#1385=VERTEX_POINT('',#4578);
#1386=VERTEX_POINT('',#4585);
#1387=VERTEX_POINT('',#4589);
#1388=VERTEX_POINT('',#4591);
#1389=VERTEX_POINT('',#4598);
#1390=VERTEX_POINT('',#4602);
#1391=VERTEX_POINT('',#4603);
#1392=VERTEX_POINT('',#4605);
#1393=VERTEX_POINT('',#4607);
#1394=VERTEX_POINT('',#4611);
#1395=VERTEX_POINT('',#4613);
#1396=VERTEX_POINT('',#4617);
#1397=VERTEX_POINT('',#4619);
#1398=VERTEX_POINT('',#4626);
#1399=VERTEX_POINT('',#4630);
#1400=VERTEX_POINT('',#4632);
#1401=VERTEX_POINT('',#4639);
#1402=VERTEX_POINT('',#4645);
#1403=VERTEX_POINT('',#4649);
#1404=VERTEX_POINT('',#4653);
#1405=VERTEX_POINT('',#4657);
#1406=VERTEX_POINT('',#4661);
#1407=VERTEX_POINT('',#4667);
#1408=VERTEX_POINT('',#4671);
#1409=EDGE_CURVE('',#1153,#1154,#477,.T.);
#1410=EDGE_CURVE('',#1155,#1153,#478,.T.);
#1411=EDGE_CURVE('',#1154,#1155,#479,.T.);
#1412=EDGE_CURVE('',#1156,#1157,#480,.T.);
#1413=EDGE_CURVE('',#1158,#1156,#481,.T.);
#1414=EDGE_CURVE('',#1157,#1158,#482,.T.);
#1415=EDGE_CURVE('',#1156,#1154,#483,.T.);
#1416=EDGE_CURVE('',#1155,#1158,#484,.T.);
#1417=EDGE_CURVE('',#1159,#1160,#485,.T.);
#1418=EDGE_CURVE('',#1161,#1159,#486,.T.);
#1419=EDGE_CURVE('',#1160,#1161,#487,.T.);
#1420=EDGE_CURVE('',#1153,#1161,#488,.T.);
#1421=EDGE_CURVE('',#1159,#1155,#489,.T.);
#1422=EDGE_CURVE('',#1162,#1163,#490,.T.);
#1423=EDGE_CURVE('',#1164,#1162,#491,.T.);
#1424=EDGE_CURVE('',#1163,#1164,#492,.T.);
#1425=EDGE_CURVE('',#1165,#1166,#493,.T.);
#1426=EDGE_CURVE('',#1167,#1165,#494,.T.);
#1427=EDGE_CURVE('',#1166,#1167,#495,.T.);
#1428=EDGE_CURVE('',#1165,#1157,#496,.T.);
#1429=EDGE_CURVE('',#1158,#1167,#497,.T.);
#1430=EDGE_CURVE('',#1160,#1166,#498,.T.);
#1431=EDGE_CURVE('',#1167,#1159,#499,.T.);
#1432=EDGE_CURVE('',#1168,#1169,#500,.T.);
#1433=EDGE_CURVE('',#1170,#1168,#501,.T.);
#1434=EDGE_CURVE('',#1169,#1170,#502,.T.);
#1435=EDGE_CURVE('',#1171,#1172,#503,.T.);
#1436=EDGE_CURVE('',#1173,#1171,#504,.T.);
#1437=EDGE_CURVE('',#1172,#1173,#505,.T.);
#1438=EDGE_CURVE('',#1174,#1175,#506,.T.);
#1439=EDGE_CURVE('',#1176,#1174,#507,.T.);
#1440=EDGE_CURVE('',#1175,#1176,#508,.T.);
#1441=EDGE_CURVE('',#1171,#1176,#509,.T.);
#1442=EDGE_CURVE('',#1174,#1173,#510,.T.);
#1443=EDGE_CURVE('',#1176,#1170,#511,.T.);
#1444=EDGE_CURVE('',#1168,#1175,#512,.T.);
#1445=EDGE_CURVE('',#1175,#1165,#513,.T.);
#1446=EDGE_CURVE('',#1166,#1174,#514,.T.);
#1447=EDGE_CURVE('',#1161,#1172,#515,.T.);
#1448=EDGE_CURVE('',#1173,#1160,#516,.T.);
#1449=EDGE_CURVE('',#1164,#1171,#517,.T.);
#1450=EDGE_CURVE('',#1172,#1163,#518,.T.);
#1451=EDGE_CURVE('',#1170,#1164,#519,.T.);
#1452=EDGE_CURVE('',#1162,#1169,#520,.T.);
#1453=EDGE_CURVE('',#1169,#1156,#521,.T.);
#1454=EDGE_CURVE('',#1157,#1168,#522,.T.);
#1455=EDGE_CURVE('',#1163,#1153,#523,.T.);
#1456=EDGE_CURVE('',#1154,#1162,#524,.T.);
#1457=EDGE_CURVE('',#1177,#1177,#81,.F.);
#1458=EDGE_CURVE('',#1178,#1179,#525,.T.);
#1459=EDGE_CURVE('',#1180,#1178,#526,.T.);
#1460=EDGE_CURVE('',#1181,#1180,#527,.T.);
#1461=EDGE_CURVE('',#1179,#1181,#528,.T.);
#1462=EDGE_CURVE('',#1182,#1182,#82,.F.);
#1463=EDGE_CURVE('',#1183,#1184,#529,.T.);
#1464=EDGE_CURVE('',#1184,#1184,#83,.T.);
#1465=EDGE_CURVE('',#1185,#1185,#84,.T.);
#1466=EDGE_CURVE('',#1185,#1184,#530,.T.);
#1467=EDGE_CURVE('',#1186,#1187,#531,.T.);
#1468=EDGE_CURVE('',#1187,#1188,#85,.T.);
#1469=EDGE_CURVE('',#1189,#1188,#23,.F.);
#1470=EDGE_CURVE('',#1189,#1187,#86,.T.);
#1471=EDGE_CURVE('',#1190,#1190,#87,.T.);
#1472=EDGE_CURVE('',#1190,#1187,#532,.T.);
#1473=EDGE_CURVE('',#1191,#1189,#15,.T.);
#1474=EDGE_CURVE('',#1192,#1191,#88,.T.);
#1475=EDGE_CURVE('',#1188,#1192,#16,.T.);
#1476=EDGE_CURVE('',#1193,#1194,#533,.T.);
#1477=EDGE_CURVE('',#1194,#1194,#89,.T.);
#1478=EDGE_CURVE('',#1195,#1195,#90,.T.);
#1479=EDGE_CURVE('',#1195,#1194,#534,.T.);
#1480=EDGE_CURVE('',#1196,#1197,#535,.T.);
#1481=EDGE_CURVE('',#1197,#1198,#91,.T.);
#1482=EDGE_CURVE('',#1199,#1198,#24,.F.);
#1483=EDGE_CURVE('',#1199,#1197,#92,.T.);
#1484=EDGE_CURVE('',#1200,#1200,#93,.T.);
#1485=EDGE_CURVE('',#1200,#1197,#536,.T.);
#1486=EDGE_CURVE('',#1201,#1199,#17,.T.);
#1487=EDGE_CURVE('',#1202,#1201,#94,.T.);
#1488=EDGE_CURVE('',#1198,#1202,#18,.T.);
#1489=EDGE_CURVE('',#1203,#1204,#537,.T.);
#1490=EDGE_CURVE('',#1204,#1205,#95,.T.);
#1491=EDGE_CURVE('',#1206,#1205,#25,.F.);
#1492=EDGE_CURVE('',#1206,#1204,#96,.T.);
#1493=EDGE_CURVE('',#1207,#1207,#97,.T.);
#1494=EDGE_CURVE('',#1207,#1204,#538,.T.);
#1495=EDGE_CURVE('',#1208,#1206,#19,.T.);
#1496=EDGE_CURVE('',#1209,#1208,#98,.T.);
#1497=EDGE_CURVE('',#1205,#1209,#20,.T.);
#1498=EDGE_CURVE('',#1210,#1211,#539,.T.);
#1499=EDGE_CURVE('',#1211,#1211,#99,.T.);
#1500=EDGE_CURVE('',#1212,#1212,#100,.T.);
#1501=EDGE_CURVE('',#1212,#1211,#540,.T.);
#1502=EDGE_CURVE('',#1213,#1214,#541,.T.);
#1503=EDGE_CURVE('',#1214,#1214,#101,.T.);
#1504=EDGE_CURVE('',#1215,#1215,#102,.T.);
#1505=EDGE_CURVE('',#1215,#1214,#542,.T.);
#1506=EDGE_CURVE('',#1216,#1217,#543,.T.);
#1507=EDGE_CURVE('',#1217,#1218,#103,.T.);
#1508=EDGE_CURVE('',#1219,#1218,#26,.F.);
#1509=EDGE_CURVE('',#1219,#1217,#104,.T.);
#1510=EDGE_CURVE('',#1220,#1220,#105,.T.);
#1511=EDGE_CURVE('',#1220,#1217,#544,.T.);
#1512=EDGE_CURVE('',#1221,#1219,#21,.T.);
#1513=EDGE_CURVE('',#1222,#1221,#106,.T.);
#1514=EDGE_CURVE('',#1218,#1222,#22,.T.);
#1515=EDGE_CURVE('',#1223,#1224,#545,.T.);
#1516=EDGE_CURVE('',#1225,#1223,#546,.T.);
#1517=EDGE_CURVE('',#1226,#1225,#547,.T.);
#1518=EDGE_CURVE('',#1226,#1227,#548,.T.);
#1519=EDGE_CURVE('',#1224,#1227,#549,.T.);
#1520=EDGE_CURVE('',#1223,#1228,#550,.T.);
#1521=EDGE_CURVE('',#1229,#1228,#551,.T.);
#1522=EDGE_CURVE('',#1230,#1229,#552,.T.);
#1523=EDGE_CURVE('',#1230,#1231,#553,.T.);
#1524=EDGE_CURVE('',#1232,#1231,#554,.T.);
#1525=EDGE_CURVE('',#1233,#1232,#555,.T.);
#1526=EDGE_CURVE('',#1234,#1233,#556,.T.);
#1527=EDGE_CURVE('',#1234,#1235,#557,.T.);
#1528=EDGE_CURVE('',#1235,#1236,#558,.T.);
#1529=EDGE_CURVE('',#1237,#1236,#559,.T.);
#1530=EDGE_CURVE('',#1238,#1237,#560,.T.);
#1531=EDGE_CURVE('',#1238,#1239,#561,.T.);
#1532=EDGE_CURVE('',#1239,#1240,#562,.T.);
#1533=EDGE_CURVE('',#1241,#1240,#563,.T.);
#1534=EDGE_CURVE('',#1225,#1241,#564,.T.);
#1535=EDGE_CURVE('',#1224,#1242,#565,.T.);
#1536=EDGE_CURVE('',#1242,#1240,#566,.T.);
#1537=EDGE_CURVE('',#1239,#1243,#567,.T.);
#1538=EDGE_CURVE('',#1243,#1244,#568,.T.);
#1539=EDGE_CURVE('',#1244,#1236,#569,.T.);
#1540=EDGE_CURVE('',#1235,#1245,#570,.T.);
#1541=EDGE_CURVE('',#1245,#1246,#571,.T.);
#1542=EDGE_CURVE('',#1246,#1247,#572,.T.);
#1543=EDGE_CURVE('',#1247,#1248,#573,.T.);
#1544=EDGE_CURVE('',#1248,#1249,#574,.T.);
#1545=EDGE_CURVE('',#1249,#1250,#575,.T.);
#1546=EDGE_CURVE('',#1250,#1251,#576,.T.);
#1547=EDGE_CURVE('',#1251,#1252,#577,.T.);
#1548=EDGE_CURVE('',#1252,#1228,#578,.T.);
#1549=EDGE_CURVE('',#1253,#1254,#579,.T.);
#1550=EDGE_CURVE('',#1254,#1255,#580,.T.);
#1551=EDGE_CURVE('',#1255,#1256,#581,.T.);
#1552=EDGE_CURVE('',#1256,#1253,#582,.T.);
#1553=EDGE_CURVE('',#1257,#1238,#583,.T.);
#1554=EDGE_CURVE('',#1257,#1258,#584,.T.);
#1555=EDGE_CURVE('',#1243,#1258,#585,.T.);
#1556=EDGE_CURVE('',#1259,#1234,#586,.T.);
#1557=EDGE_CURVE('',#1259,#1260,#587,.T.);
#1558=EDGE_CURVE('',#1245,#1260,#588,.T.);
#1559=EDGE_CURVE('',#1261,#1262,#589,.F.);
#1560=EDGE_CURVE('',#1262,#1263,#590,.T.);
#1561=EDGE_CURVE('',#1263,#1264,#591,.F.);
#1562=EDGE_CURVE('',#1264,#1261,#592,.T.);
#1563=EDGE_CURVE('',#1259,#1262,#593,.T.);
#1564=EDGE_CURVE('',#1233,#1262,#594,.T.);
#1565=EDGE_CURVE('',#1265,#1265,#107,.T.);
#1566=EDGE_CURVE('',#1263,#1266,#595,.T.);
#1567=EDGE_CURVE('',#1263,#1267,#596,.T.);
#1568=EDGE_CURVE('',#1267,#1268,#597,.T.);
#1569=EDGE_CURVE('',#1266,#1268,#598,.T.);
#1570=EDGE_CURVE('',#1269,#1269,#108,.T.);
#1571=EDGE_CURVE('',#1270,#1271,#599,.F.);
#1572=EDGE_CURVE('',#1271,#1272,#600,.T.);
#1573=EDGE_CURVE('',#1272,#1273,#601,.F.);
#1574=EDGE_CURVE('',#1273,#1270,#602,.T.);
#1575=EDGE_CURVE('',#1274,#1271,#603,.T.);
#1576=EDGE_CURVE('',#1274,#1275,#604,.T.);
#1577=EDGE_CURVE('',#1275,#1276,#605,.T.);
#1578=EDGE_CURVE('',#1276,#1271,#606,.T.);
#1579=EDGE_CURVE('',#1277,#1277,#109,.T.);
#1580=EDGE_CURVE('',#1272,#1278,#607,.T.);
#1581=EDGE_CURVE('',#1272,#1230,#608,.T.);
#1582=EDGE_CURVE('',#1278,#1229,#609,.T.);
#1583=EDGE_CURVE('',#1279,#1279,#110,.T.);
#1584=EDGE_CURVE('',#1280,#1281,#610,.T.);
#1585=EDGE_CURVE('',#1281,#1282,#611,.T.);
#1586=EDGE_CURVE('',#1283,#1282,#612,.T.);
#1587=EDGE_CURVE('',#1280,#1283,#613,.T.);
#1588=EDGE_CURVE('',#1284,#1284,#111,.T.);
#1589=EDGE_CURVE('',#1285,#1237,#614,.T.);
#1590=EDGE_CURVE('',#1257,#1285,#615,.T.);
#1591=EDGE_CURVE('',#1286,#1286,#112,.T.);
#1592=EDGE_CURVE('',#1287,#1241,#616,.T.);
#1593=EDGE_CURVE('',#1226,#1287,#617,.T.);
#1594=EDGE_CURVE('',#1288,#1288,#113,.T.);
#1595=EDGE_CURVE('',#1289,#1290,#618,.T.);
#1596=EDGE_CURVE('',#1290,#1291,#619,.T.);
#1597=EDGE_CURVE('',#1292,#1291,#620,.T.);
#1598=EDGE_CURVE('',#1289,#1292,#621,.T.);
#1599=EDGE_CURVE('',#1293,#1293,#114,.T.);
#1600=EDGE_CURVE('',#1182,#1294,#622,.T.);
#1601=EDGE_CURVE('',#1250,#1294,#115,.T.);
#1602=EDGE_CURVE('',#1295,#1250,#116,.T.);
#1603=EDGE_CURVE('',#1294,#1295,#117,.T.);
#1604=EDGE_CURVE('',#1247,#1296,#118,.T.);
#1605=EDGE_CURVE('',#1297,#1247,#119,.T.);
#1606=EDGE_CURVE('',#1297,#1177,#623,.T.);
#1607=EDGE_CURVE('',#1296,#1297,#120,.T.);
#1608=EDGE_CURVE('',#1296,#1248,#624,.T.);
#1609=EDGE_CURVE('',#1264,#1298,#625,.T.);
#1610=EDGE_CURVE('',#1298,#1299,#626,.T.);
#1611=EDGE_CURVE('',#1299,#1296,#627,.T.);
#1612=EDGE_CURVE('',#1246,#1300,#628,.T.);
#1613=EDGE_CURVE('',#1261,#1300,#629,.T.);
#1614=EDGE_CURVE('',#1273,#1301,#630,.T.);
#1615=EDGE_CURVE('',#1301,#1251,#631,.T.);
#1616=EDGE_CURVE('',#1295,#1302,#632,.T.);
#1617=EDGE_CURVE('',#1302,#1303,#633,.T.);
#1618=EDGE_CURVE('',#1270,#1303,#634,.T.);
#1619=EDGE_CURVE('',#1249,#1295,#635,.T.);
#1620=EDGE_CURVE('',#1179,#1304,#636,.T.);
#1621=EDGE_CURVE('',#1304,#1305,#637,.T.);
#1622=EDGE_CURVE('',#1178,#1305,#638,.T.);
#1623=EDGE_CURVE('',#1181,#1231,#639,.T.);
#1624=EDGE_CURVE('',#1231,#1304,#640,.T.);
#1625=EDGE_CURVE('',#1180,#1232,#641,.T.);
#1626=EDGE_CURVE('',#1305,#1232,#642,.T.);
#1627=EDGE_CURVE('',#1267,#1305,#643,.T.);
#1628=EDGE_CURVE('',#1191,#1299,#644,.T.);
#1629=EDGE_CURVE('',#1306,#1192,#645,.T.);
#1630=EDGE_CURVE('',#1307,#1306,#646,.T.);
#1631=EDGE_CURVE('',#1308,#1307,#647,.T.);
#1632=EDGE_CURVE('',#1309,#1308,#648,.T.);
#1633=EDGE_CURVE('',#1201,#1309,#649,.T.);
#1634=EDGE_CURVE('',#1310,#1202,#650,.T.);
#1635=EDGE_CURVE('',#1311,#1310,#651,.T.);
#1636=EDGE_CURVE('',#1312,#1311,#652,.T.);
#1637=EDGE_CURVE('',#1313,#1312,#653,.T.);
#1638=EDGE_CURVE('',#1208,#1313,#654,.T.);
#1639=EDGE_CURVE('',#1314,#1209,#655,.T.);
#1640=EDGE_CURVE('',#1315,#1314,#656,.T.);
#1641=EDGE_CURVE('',#1316,#1315,#657,.T.);
#1642=EDGE_CURVE('',#1317,#1316,#658,.T.);
#1643=EDGE_CURVE('',#1221,#1317,#659,.T.);
#1644=EDGE_CURVE('',#1302,#1222,#660,.T.);
#1645=EDGE_CURVE('',#1318,#1319,#661,.T.);
#1646=EDGE_CURVE('',#1320,#1318,#662,.T.);
#1647=EDGE_CURVE('',#1321,#1320,#663,.T.);
#1648=EDGE_CURVE('',#1319,#1321,#664,.T.);
#1649=EDGE_CURVE('',#1322,#1323,#665,.T.);
#1650=EDGE_CURVE('',#1324,#1322,#666,.T.);
#1651=EDGE_CURVE('',#1325,#1324,#667,.T.);
#1652=EDGE_CURVE('',#1323,#1325,#668,.T.);
#1653=EDGE_CURVE('',#1326,#1327,#669,.T.);
#1654=EDGE_CURVE('',#1328,#1326,#670,.T.);
#1655=EDGE_CURVE('',#1329,#1328,#671,.T.);
#1656=EDGE_CURVE('',#1327,#1329,#672,.T.);
#1657=EDGE_CURVE('',#1330,#1331,#673,.T.);
#1658=EDGE_CURVE('',#1332,#1330,#674,.T.);
#1659=EDGE_CURVE('',#1333,#1332,#675,.T.);
#1660=EDGE_CURVE('',#1331,#1333,#676,.T.);
#1661=EDGE_CURVE('',#1334,#1332,#677,.T.);
#1662=EDGE_CURVE('',#1335,#1334,#678,.T.);
#1663=EDGE_CURVE('',#1335,#1336,#679,.T.);
#1664=EDGE_CURVE('',#1336,#1333,#680,.T.);
#1665=EDGE_CURVE('',#1337,#1330,#681,.T.);
#1666=EDGE_CURVE('',#1334,#1337,#682,.T.);
#1667=EDGE_CURVE('',#1338,#1328,#683,.T.);
#1668=EDGE_CURVE('',#1339,#1338,#684,.T.);
#1669=EDGE_CURVE('',#1339,#1340,#685,.T.);
#1670=EDGE_CURVE('',#1340,#1329,#686,.T.);
#1671=EDGE_CURVE('',#1341,#1326,#687,.T.);
#1672=EDGE_CURVE('',#1338,#1341,#688,.T.);
#1673=EDGE_CURVE('',#1342,#1324,#689,.T.);
#1674=EDGE_CURVE('',#1343,#1342,#690,.T.);
#1675=EDGE_CURVE('',#1343,#1344,#691,.T.);
#1676=EDGE_CURVE('',#1344,#1325,#692,.T.);
#1677=EDGE_CURVE('',#1345,#1322,#693,.T.);
#1678=EDGE_CURVE('',#1342,#1345,#694,.T.);
#1679=EDGE_CURVE('',#1346,#1320,#695,.T.);
#1680=EDGE_CURVE('',#1347,#1346,#696,.T.);
#1681=EDGE_CURVE('',#1347,#1348,#697,.T.);
#1682=EDGE_CURVE('',#1348,#1321,#698,.T.);
#1683=EDGE_CURVE('',#1349,#1318,#699,.T.);
#1684=EDGE_CURVE('',#1346,#1349,#700,.T.);
#1685=EDGE_CURVE('',#1350,#1314,#701,.T.);
#1686=EDGE_CURVE('',#1283,#1350,#702,.T.);
#1687=EDGE_CURVE('',#1315,#1282,#703,.T.);
#1688=EDGE_CURVE('',#1313,#1351,#704,.T.);
#1689=EDGE_CURVE('',#1351,#1350,#705,.T.);
#1690=EDGE_CURVE('',#1281,#1312,#706,.T.);
#1691=EDGE_CURVE('',#1280,#1351,#707,.T.);
#1692=EDGE_CURVE('',#1352,#1310,#708,.T.);
#1693=EDGE_CURVE('',#1292,#1352,#709,.T.);
#1694=EDGE_CURVE('',#1311,#1291,#710,.T.);
#1695=EDGE_CURVE('',#1309,#1353,#711,.T.);
#1696=EDGE_CURVE('',#1353,#1352,#712,.T.);
#1697=EDGE_CURVE('',#1290,#1308,#713,.T.);
#1698=EDGE_CURVE('',#1289,#1353,#714,.T.);
#1699=EDGE_CURVE('',#1307,#1268,#715,.T.);
#1700=EDGE_CURVE('',#1276,#1304,#716,.T.);
#1701=EDGE_CURVE('',#1275,#1316,#717,.T.);
#1702=EDGE_CURVE('',#1354,#1335,#718,.T.);
#1703=EDGE_CURVE('',#1354,#1355,#719,.T.);
#1704=EDGE_CURVE('',#1355,#1336,#720,.T.);
#1705=EDGE_CURVE('',#1331,#1355,#721,.T.);
#1706=EDGE_CURVE('',#1337,#1354,#722,.T.);
#1707=EDGE_CURVE('',#1356,#1356,#121,.T.);
#1708=EDGE_CURVE('',#1357,#1358,#723,.T.);
#1709=EDGE_CURVE('',#1358,#1359,#724,.T.);
#1710=EDGE_CURVE('',#1359,#1360,#725,.T.);
#1711=EDGE_CURVE('',#1357,#1360,#726,.T.);
#1712=EDGE_CURVE('',#1358,#1361,#727,.T.);
#1713=EDGE_CURVE('',#1361,#1362,#728,.T.);
#1714=EDGE_CURVE('',#1362,#1359,#729,.T.);
#1715=EDGE_CURVE('',#1361,#1363,#730,.T.);
#1716=EDGE_CURVE('',#1363,#1364,#731,.T.);
#1717=EDGE_CURVE('',#1364,#1362,#732,.T.);
#1718=EDGE_CURVE('',#1363,#1357,#733,.T.);
#1719=EDGE_CURVE('',#1360,#1364,#734,.T.);
#1720=EDGE_CURVE('',#1365,#1365,#122,.T.);
#1721=EDGE_CURVE('',#1366,#1339,#735,.T.);
#1722=EDGE_CURVE('',#1366,#1367,#736,.T.);
#1723=EDGE_CURVE('',#1367,#1340,#737,.T.);
#1724=EDGE_CURVE('',#1327,#1367,#738,.T.);
#1725=EDGE_CURVE('',#1341,#1366,#739,.T.);
#1726=EDGE_CURVE('',#1368,#1368,#123,.T.);
#1727=EDGE_CURVE('',#1369,#1370,#740,.T.);
#1728=EDGE_CURVE('',#1369,#1371,#741,.T.);
#1729=EDGE_CURVE('',#1371,#1372,#742,.T.);
#1730=EDGE_CURVE('',#1370,#1372,#743,.T.);
#1731=EDGE_CURVE('',#1373,#1369,#744,.T.);
#1732=EDGE_CURVE('',#1373,#1374,#745,.T.);
#1733=EDGE_CURVE('',#1374,#1371,#746,.T.);
#1734=EDGE_CURVE('',#1375,#1373,#747,.T.);
#1735=EDGE_CURVE('',#1375,#1376,#748,.T.);
#1736=EDGE_CURVE('',#1376,#1374,#749,.T.);
#1737=EDGE_CURVE('',#1370,#1375,#750,.T.);
#1738=EDGE_CURVE('',#1372,#1376,#751,.T.);
#1739=EDGE_CURVE('',#1377,#1377,#124,.T.);
#1740=EDGE_CURVE('',#1378,#1379,#752,.T.);
#1741=EDGE_CURVE('',#1378,#1380,#753,.T.);
#1742=EDGE_CURVE('',#1380,#1381,#754,.T.);
#1743=EDGE_CURVE('',#1379,#1381,#755,.T.);
#1744=EDGE_CURVE('',#1382,#1378,#756,.T.);
#1745=EDGE_CURVE('',#1382,#1383,#757,.T.);
#1746=EDGE_CURVE('',#1383,#1380,#758,.T.);
#1747=EDGE_CURVE('',#1384,#1382,#759,.T.);
#1748=EDGE_CURVE('',#1384,#1385,#760,.T.);
#1749=EDGE_CURVE('',#1385,#1383,#761,.T.);
#1750=EDGE_CURVE('',#1379,#1384,#762,.T.);
#1751=EDGE_CURVE('',#1381,#1385,#763,.T.);
#1752=EDGE_CURVE('',#1386,#1386,#125,.T.);
#1753=EDGE_CURVE('',#1387,#1343,#764,.T.);
#1754=EDGE_CURVE('',#1387,#1388,#765,.T.);
#1755=EDGE_CURVE('',#1388,#1344,#766,.T.);
#1756=EDGE_CURVE('',#1323,#1388,#767,.T.);
#1757=EDGE_CURVE('',#1345,#1387,#768,.T.);
#1758=EDGE_CURVE('',#1389,#1389,#126,.T.);
#1759=EDGE_CURVE('',#1390,#1391,#769,.T.);
#1760=EDGE_CURVE('',#1390,#1392,#770,.T.);
#1761=EDGE_CURVE('',#1392,#1393,#771,.T.);
#1762=EDGE_CURVE('',#1391,#1393,#772,.T.);
#1763=EDGE_CURVE('',#1394,#1390,#773,.T.);
#1764=EDGE_CURVE('',#1394,#1395,#774,.T.);
#1765=EDGE_CURVE('',#1395,#1392,#775,.T.);
#1766=EDGE_CURVE('',#1396,#1394,#776,.T.);
#1767=EDGE_CURVE('',#1396,#1397,#777,.T.);
#1768=EDGE_CURVE('',#1397,#1395,#778,.T.);
#1769=EDGE_CURVE('',#1391,#1396,#779,.T.);
#1770=EDGE_CURVE('',#1393,#1397,#780,.T.);
#1771=EDGE_CURVE('',#1398,#1398,#127,.T.);
#1772=EDGE_CURVE('',#1399,#1347,#781,.T.);
#1773=EDGE_CURVE('',#1399,#1400,#782,.T.);
#1774=EDGE_CURVE('',#1400,#1348,#783,.T.);
#1775=EDGE_CURVE('',#1319,#1400,#784,.T.);
#1776=EDGE_CURVE('',#1349,#1399,#785,.T.);
#1777=EDGE_CURVE('',#1401,#1401,#128,.T.);
#1778=EDGE_CURVE('',#1265,#1377,#786,.T.);
#1779=EDGE_CURVE('',#1317,#1402,#787,.T.);
#1780=EDGE_CURVE('',#1402,#1303,#788,.T.);
#1781=EDGE_CURVE('',#1227,#1403,#789,.T.);
#1782=EDGE_CURVE('',#1403,#1242,#790,.T.);
#1783=EDGE_CURVE('',#1298,#1404,#791,.T.);
#1784=EDGE_CURVE('',#1404,#1306,#792,.T.);
#1785=EDGE_CURVE('',#1301,#1405,#793,.T.);
#1786=EDGE_CURVE('',#1405,#1252,#794,.T.);
#1787=EDGE_CURVE('',#1258,#1406,#795,.T.);
#1788=EDGE_CURVE('',#1406,#1244,#796,.T.);
#1789=EDGE_CURVE('',#1260,#1300,#797,.T.);
#1790=EDGE_CURVE('',#1255,#1407,#798,.T.);
#1791=EDGE_CURVE('',#1256,#1407,#799,.T.);
#1792=EDGE_CURVE('',#1407,#1408,#800,.T.);
#1793=EDGE_CURVE('',#1253,#1408,#801,.T.);
#1794=EDGE_CURVE('',#1408,#1254,#802,.T.);
#1795=EDGE_CURVE('',#1293,#1356,#803,.T.);
#1796=EDGE_CURVE('',#1277,#1389,#804,.T.);
#1797=EDGE_CURVE('',#1288,#1398,#805,.T.);
#1798=EDGE_CURVE('',#1286,#1386,#806,.T.);
#1799=EDGE_CURVE('',#1279,#1365,#807,.T.);
#1800=EDGE_CURVE('',#1284,#1368,#808,.T.);
#1801=EDGE_CURVE('',#1269,#1401,#809,.T.);
#1802=EDGE_CURVE('',#1266,#1404,#810,.T.);
#1803=EDGE_CURVE('',#1285,#1406,#811,.T.);
#1804=EDGE_CURVE('',#1287,#1403,#812,.T.);
#1805=EDGE_CURVE('',#1278,#1405,#813,.T.);
#1806=EDGE_CURVE('',#1274,#1402,#814,.T.);
#1807=ORIENTED_EDGE('',*,*,#1409,.F.);
#1808=ORIENTED_EDGE('',*,*,#1410,.F.);
#1809=ORIENTED_EDGE('',*,*,#1411,.F.);
#1810=ORIENTED_EDGE('',*,*,#1412,.F.);
#1811=ORIENTED_EDGE('',*,*,#1413,.F.);
#1812=ORIENTED_EDGE('',*,*,#1414,.F.);
#1813=ORIENTED_EDGE('',*,*,#1413,.T.);
#1814=ORIENTED_EDGE('',*,*,#1415,.T.);
#1815=ORIENTED_EDGE('',*,*,#1411,.T.);
#1816=ORIENTED_EDGE('',*,*,#1416,.T.);
#1817=ORIENTED_EDGE('',*,*,#1417,.F.);
#1818=ORIENTED_EDGE('',*,*,#1418,.F.);
#1819=ORIENTED_EDGE('',*,*,#1419,.F.);
#1820=ORIENTED_EDGE('',*,*,#1410,.T.);
#1821=ORIENTED_EDGE('',*,*,#1420,.T.);
#1822=ORIENTED_EDGE('',*,*,#1418,.T.);
#1823=ORIENTED_EDGE('',*,*,#1421,.T.);
#1824=ORIENTED_EDGE('',*,*,#1422,.F.);
#1825=ORIENTED_EDGE('',*,*,#1423,.F.);
#1826=ORIENTED_EDGE('',*,*,#1424,.F.);
#1827=ORIENTED_EDGE('',*,*,#1425,.F.);
#1828=ORIENTED_EDGE('',*,*,#1426,.F.);
#1829=ORIENTED_EDGE('',*,*,#1427,.F.);
#1830=ORIENTED_EDGE('',*,*,#1426,.T.);
#1831=ORIENTED_EDGE('',*,*,#1428,.T.);
#1832=ORIENTED_EDGE('',*,*,#1414,.T.);
#1833=ORIENTED_EDGE('',*,*,#1429,.T.);
#1834=ORIENTED_EDGE('',*,*,#1417,.T.);
#1835=ORIENTED_EDGE('',*,*,#1430,.T.);
#1836=ORIENTED_EDGE('',*,*,#1427,.T.);
#1837=ORIENTED_EDGE('',*,*,#1431,.T.);
#1838=ORIENTED_EDGE('',*,*,#1432,.F.);
#1839=ORIENTED_EDGE('',*,*,#1433,.F.);
#1840=ORIENTED_EDGE('',*,*,#1434,.F.);
#1841=ORIENTED_EDGE('',*,*,#1435,.F.);
#1842=ORIENTED_EDGE('',*,*,#1436,.F.);
#1843=ORIENTED_EDGE('',*,*,#1437,.F.);
#1844=ORIENTED_EDGE('',*,*,#1438,.F.);
#1845=ORIENTED_EDGE('',*,*,#1439,.F.);
#1846=ORIENTED_EDGE('',*,*,#1440,.F.);
#1847=ORIENTED_EDGE('',*,*,#1436,.T.);
#1848=ORIENTED_EDGE('',*,*,#1441,.T.);
#1849=ORIENTED_EDGE('',*,*,#1439,.T.);
#1850=ORIENTED_EDGE('',*,*,#1442,.T.);
#1851=ORIENTED_EDGE('',*,*,#1440,.T.);
#1852=ORIENTED_EDGE('',*,*,#1443,.T.);
#1853=ORIENTED_EDGE('',*,*,#1433,.T.);
#1854=ORIENTED_EDGE('',*,*,#1444,.T.);
#1855=ORIENTED_EDGE('',*,*,#1438,.T.);
#1856=ORIENTED_EDGE('',*,*,#1445,.T.);
#1857=ORIENTED_EDGE('',*,*,#1425,.T.);
#1858=ORIENTED_EDGE('',*,*,#1446,.T.);
#1859=ORIENTED_EDGE('',*,*,#1419,.T.);
#1860=ORIENTED_EDGE('',*,*,#1447,.T.);
#1861=ORIENTED_EDGE('',*,*,#1437,.T.);
#1862=ORIENTED_EDGE('',*,*,#1448,.T.);
#1863=ORIENTED_EDGE('',*,*,#1424,.T.);
#1864=ORIENTED_EDGE('',*,*,#1449,.T.);
#1865=ORIENTED_EDGE('',*,*,#1435,.T.);
#1866=ORIENTED_EDGE('',*,*,#1450,.T.);
#1867=ORIENTED_EDGE('',*,*,#1434,.T.);
#1868=ORIENTED_EDGE('',*,*,#1451,.T.);
#1869=ORIENTED_EDGE('',*,*,#1423,.T.);
#1870=ORIENTED_EDGE('',*,*,#1452,.T.);
#1871=ORIENTED_EDGE('',*,*,#1432,.T.);
#1872=ORIENTED_EDGE('',*,*,#1453,.T.);
#1873=ORIENTED_EDGE('',*,*,#1412,.T.);
#1874=ORIENTED_EDGE('',*,*,#1454,.T.);
#1875=ORIENTED_EDGE('',*,*,#1422,.T.);
#1876=ORIENTED_EDGE('',*,*,#1455,.T.);
#1877=ORIENTED_EDGE('',*,*,#1409,.T.);
#1878=ORIENTED_EDGE('',*,*,#1456,.T.);
#1879=ORIENTED_EDGE('',*,*,#1416,.F.);
#1880=ORIENTED_EDGE('',*,*,#1421,.F.);
#1881=ORIENTED_EDGE('',*,*,#1431,.F.);
#1882=ORIENTED_EDGE('',*,*,#1429,.F.);
#1883=ORIENTED_EDGE('',*,*,#1420,.F.);
#1884=ORIENTED_EDGE('',*,*,#1455,.F.);
#1885=ORIENTED_EDGE('',*,*,#1450,.F.);
#1886=ORIENTED_EDGE('',*,*,#1447,.F.);
#1887=ORIENTED_EDGE('',*,*,#1457,.T.);
#1888=ORIENTED_EDGE('',*,*,#1442,.F.);
#1889=ORIENTED_EDGE('',*,*,#1446,.F.);
#1890=ORIENTED_EDGE('',*,*,#1430,.F.);
#1891=ORIENTED_EDGE('',*,*,#1448,.F.);
#1892=ORIENTED_EDGE('',*,*,#1458,.F.);
#1893=ORIENTED_EDGE('',*,*,#1459,.F.);
#1894=ORIENTED_EDGE('',*,*,#1460,.F.);
#1895=ORIENTED_EDGE('',*,*,#1461,.F.);
#1896=ORIENTED_EDGE('',*,*,#1441,.F.);
#1897=ORIENTED_EDGE('',*,*,#1449,.F.);
#1898=ORIENTED_EDGE('',*,*,#1451,.F.);
#1899=ORIENTED_EDGE('',*,*,#1443,.F.);
#1900=ORIENTED_EDGE('',*,*,#1444,.F.);
#1901=ORIENTED_EDGE('',*,*,#1454,.F.);
#1902=ORIENTED_EDGE('',*,*,#1428,.F.);
#1903=ORIENTED_EDGE('',*,*,#1445,.F.);
#1904=ORIENTED_EDGE('',*,*,#1462,.T.);
#1905=ORIENTED_EDGE('',*,*,#1452,.F.);
#1906=ORIENTED_EDGE('',*,*,#1456,.F.);
#1907=ORIENTED_EDGE('',*,*,#1415,.F.);
#1908=ORIENTED_EDGE('',*,*,#1453,.F.);
#1909=ORIENTED_EDGE('',*,*,#1463,.T.);
#1910=ORIENTED_EDGE('',*,*,#1464,.T.);
#1911=ORIENTED_EDGE('',*,*,#1463,.F.);
#1912=ORIENTED_EDGE('',*,*,#1465,.T.);
#1913=ORIENTED_EDGE('',*,*,#1466,.T.);
#1914=ORIENTED_EDGE('',*,*,#1464,.F.);
#1915=ORIENTED_EDGE('',*,*,#1466,.F.);
#1916=ORIENTED_EDGE('',*,*,#1467,.T.);
#1917=ORIENTED_EDGE('',*,*,#1468,.T.);
#1918=ORIENTED_EDGE('',*,*,#1469,.F.);
#1919=ORIENTED_EDGE('',*,*,#1470,.T.);
#1920=ORIENTED_EDGE('',*,*,#1467,.F.);
#1921=ORIENTED_EDGE('',*,*,#1471,.T.);
#1922=ORIENTED_EDGE('',*,*,#1472,.T.);
#1923=ORIENTED_EDGE('',*,*,#1470,.F.);
#1924=ORIENTED_EDGE('',*,*,#1473,.F.);
#1925=ORIENTED_EDGE('',*,*,#1474,.F.);
#1926=ORIENTED_EDGE('',*,*,#1475,.F.);
#1927=ORIENTED_EDGE('',*,*,#1468,.F.);
#1928=ORIENTED_EDGE('',*,*,#1472,.F.);
#1929=ORIENTED_EDGE('',*,*,#1476,.T.);
#1930=ORIENTED_EDGE('',*,*,#1477,.T.);
#1931=ORIENTED_EDGE('',*,*,#1476,.F.);
#1932=ORIENTED_EDGE('',*,*,#1478,.T.);
#1933=ORIENTED_EDGE('',*,*,#1479,.T.);
#1934=ORIENTED_EDGE('',*,*,#1477,.F.);
#1935=ORIENTED_EDGE('',*,*,#1479,.F.);
#1936=ORIENTED_EDGE('',*,*,#1480,.T.);
#1937=ORIENTED_EDGE('',*,*,#1481,.T.);
#1938=ORIENTED_EDGE('',*,*,#1482,.F.);
#1939=ORIENTED_EDGE('',*,*,#1483,.T.);
#1940=ORIENTED_EDGE('',*,*,#1480,.F.);
#1941=ORIENTED_EDGE('',*,*,#1484,.T.);
#1942=ORIENTED_EDGE('',*,*,#1485,.T.);
#1943=ORIENTED_EDGE('',*,*,#1483,.F.);
#1944=ORIENTED_EDGE('',*,*,#1486,.F.);
#1945=ORIENTED_EDGE('',*,*,#1487,.F.);
#1946=ORIENTED_EDGE('',*,*,#1488,.F.);
#1947=ORIENTED_EDGE('',*,*,#1481,.F.);
#1948=ORIENTED_EDGE('',*,*,#1485,.F.);
#1949=ORIENTED_EDGE('',*,*,#1489,.T.);
#1950=ORIENTED_EDGE('',*,*,#1490,.T.);
#1951=ORIENTED_EDGE('',*,*,#1491,.F.);
#1952=ORIENTED_EDGE('',*,*,#1492,.T.);
#1953=ORIENTED_EDGE('',*,*,#1489,.F.);
#1954=ORIENTED_EDGE('',*,*,#1493,.T.);
#1955=ORIENTED_EDGE('',*,*,#1494,.T.);
#1956=ORIENTED_EDGE('',*,*,#1492,.F.);
#1957=ORIENTED_EDGE('',*,*,#1495,.F.);
#1958=ORIENTED_EDGE('',*,*,#1496,.F.);
#1959=ORIENTED_EDGE('',*,*,#1497,.F.);
#1960=ORIENTED_EDGE('',*,*,#1490,.F.);
#1961=ORIENTED_EDGE('',*,*,#1494,.F.);
#1962=ORIENTED_EDGE('',*,*,#1498,.T.);
#1963=ORIENTED_EDGE('',*,*,#1499,.T.);
#1964=ORIENTED_EDGE('',*,*,#1498,.F.);
#1965=ORIENTED_EDGE('',*,*,#1500,.T.);
#1966=ORIENTED_EDGE('',*,*,#1501,.T.);
#1967=ORIENTED_EDGE('',*,*,#1499,.F.);
#1968=ORIENTED_EDGE('',*,*,#1501,.F.);
#1969=ORIENTED_EDGE('',*,*,#1502,.T.);
#1970=ORIENTED_EDGE('',*,*,#1503,.T.);
#1971=ORIENTED_EDGE('',*,*,#1502,.F.);
#1972=ORIENTED_EDGE('',*,*,#1504,.T.);
#1973=ORIENTED_EDGE('',*,*,#1505,.T.);
#1974=ORIENTED_EDGE('',*,*,#1503,.F.);
#1975=ORIENTED_EDGE('',*,*,#1505,.F.);
#1976=ORIENTED_EDGE('',*,*,#1506,.T.);
#1977=ORIENTED_EDGE('',*,*,#1507,.T.);
#1978=ORIENTED_EDGE('',*,*,#1508,.F.);
#1979=ORIENTED_EDGE('',*,*,#1509,.T.);
#1980=ORIENTED_EDGE('',*,*,#1506,.F.);
#1981=ORIENTED_EDGE('',*,*,#1510,.T.);
#1982=ORIENTED_EDGE('',*,*,#1511,.T.);
#1983=ORIENTED_EDGE('',*,*,#1509,.F.);
#1984=ORIENTED_EDGE('',*,*,#1512,.F.);
#1985=ORIENTED_EDGE('',*,*,#1513,.F.);
#1986=ORIENTED_EDGE('',*,*,#1514,.F.);
#1987=ORIENTED_EDGE('',*,*,#1507,.F.);
#1988=ORIENTED_EDGE('',*,*,#1511,.F.);
#1989=ORIENTED_EDGE('',*,*,#1515,.F.);
#1990=ORIENTED_EDGE('',*,*,#1516,.F.);
#1991=ORIENTED_EDGE('',*,*,#1517,.F.);
#1992=ORIENTED_EDGE('',*,*,#1518,.T.);
#1993=ORIENTED_EDGE('',*,*,#1519,.F.);
#1994=ORIENTED_EDGE('',*,*,#1520,.T.);
#1995=ORIENTED_EDGE('',*,*,#1521,.F.);
#1996=ORIENTED_EDGE('',*,*,#1522,.F.);
#1997=ORIENTED_EDGE('',*,*,#1523,.T.);
#1998=ORIENTED_EDGE('',*,*,#1524,.F.);
#1999=ORIENTED_EDGE('',*,*,#1525,.F.);
#2000=ORIENTED_EDGE('',*,*,#1526,.F.);
#2001=ORIENTED_EDGE('',*,*,#1527,.T.);
#2002=ORIENTED_EDGE('',*,*,#1528,.T.);
#2003=ORIENTED_EDGE('',*,*,#1529,.F.);
#2004=ORIENTED_EDGE('',*,*,#1530,.F.);
#2005=ORIENTED_EDGE('',*,*,#1531,.T.);
#2006=ORIENTED_EDGE('',*,*,#1532,.T.);
#2007=ORIENTED_EDGE('',*,*,#1533,.F.);
#2008=ORIENTED_EDGE('',*,*,#1534,.F.);
#2009=ORIENTED_EDGE('',*,*,#1516,.T.);
#2010=ORIENTED_EDGE('',*,*,#1515,.T.);
#2011=ORIENTED_EDGE('',*,*,#1535,.T.);
#2012=ORIENTED_EDGE('',*,*,#1536,.T.);
#2013=ORIENTED_EDGE('',*,*,#1532,.F.);
#2014=ORIENTED_EDGE('',*,*,#1537,.T.);
#2015=ORIENTED_EDGE('',*,*,#1538,.T.);
#2016=ORIENTED_EDGE('',*,*,#1539,.T.);
#2017=ORIENTED_EDGE('',*,*,#1528,.F.);
#2018=ORIENTED_EDGE('',*,*,#1540,.T.);
#2019=ORIENTED_EDGE('',*,*,#1541,.T.);
#2020=ORIENTED_EDGE('',*,*,#1542,.T.);
#2021=ORIENTED_EDGE('',*,*,#1543,.T.);
#2022=ORIENTED_EDGE('',*,*,#1544,.T.);
#2023=ORIENTED_EDGE('',*,*,#1545,.T.);
#2024=ORIENTED_EDGE('',*,*,#1546,.T.);
#2025=ORIENTED_EDGE('',*,*,#1547,.T.);
#2026=ORIENTED_EDGE('',*,*,#1548,.T.);
#2027=ORIENTED_EDGE('',*,*,#1520,.F.);
#2028=ORIENTED_EDGE('',*,*,#1549,.T.);
#2029=ORIENTED_EDGE('',*,*,#1550,.T.);
#2030=ORIENTED_EDGE('',*,*,#1551,.T.);
#2031=ORIENTED_EDGE('',*,*,#1552,.T.);
#2032=ORIENTED_EDGE('',*,*,#1537,.F.);
#2033=ORIENTED_EDGE('',*,*,#1531,.F.);
#2034=ORIENTED_EDGE('',*,*,#1553,.F.);
#2035=ORIENTED_EDGE('',*,*,#1554,.T.);
#2036=ORIENTED_EDGE('',*,*,#1555,.F.);
#2037=ORIENTED_EDGE('',*,*,#1540,.F.);
#2038=ORIENTED_EDGE('',*,*,#1527,.F.);
#2039=ORIENTED_EDGE('',*,*,#1556,.F.);
#2040=ORIENTED_EDGE('',*,*,#1557,.T.);
#2041=ORIENTED_EDGE('',*,*,#1558,.F.);
#2042=ORIENTED_EDGE('',*,*,#1559,.T.);
#2043=ORIENTED_EDGE('',*,*,#1560,.T.);
#2044=ORIENTED_EDGE('',*,*,#1561,.T.);
#2045=ORIENTED_EDGE('',*,*,#1562,.T.);
#2046=ORIENTED_EDGE('',*,*,#1563,.F.);
#2047=ORIENTED_EDGE('',*,*,#1556,.T.);
#2048=ORIENTED_EDGE('',*,*,#1526,.T.);
#2049=ORIENTED_EDGE('',*,*,#1564,.T.);
#2050=ORIENTED_EDGE('',*,*,#1565,.T.);
#2051=ORIENTED_EDGE('',*,*,#1566,.F.);
#2052=ORIENTED_EDGE('',*,*,#1567,.T.);
#2053=ORIENTED_EDGE('',*,*,#1568,.T.);
#2054=ORIENTED_EDGE('',*,*,#1569,.F.);
#2055=ORIENTED_EDGE('',*,*,#1570,.T.);
#2056=ORIENTED_EDGE('',*,*,#1571,.T.);
#2057=ORIENTED_EDGE('',*,*,#1572,.T.);
#2058=ORIENTED_EDGE('',*,*,#1573,.T.);
#2059=ORIENTED_EDGE('',*,*,#1574,.T.);
#2060=ORIENTED_EDGE('',*,*,#1575,.F.);
#2061=ORIENTED_EDGE('',*,*,#1576,.T.);
#2062=ORIENTED_EDGE('',*,*,#1577,.T.);
#2063=ORIENTED_EDGE('',*,*,#1578,.T.);
#2064=ORIENTED_EDGE('',*,*,#1579,.T.);
#2065=ORIENTED_EDGE('',*,*,#1580,.F.);
#2066=ORIENTED_EDGE('',*,*,#1581,.T.);
#2067=ORIENTED_EDGE('',*,*,#1522,.T.);
#2068=ORIENTED_EDGE('',*,*,#1582,.F.);
#2069=ORIENTED_EDGE('',*,*,#1583,.T.);
#2070=ORIENTED_EDGE('',*,*,#1584,.T.);
#2071=ORIENTED_EDGE('',*,*,#1585,.T.);
#2072=ORIENTED_EDGE('',*,*,#1586,.F.);
#2073=ORIENTED_EDGE('',*,*,#1587,.F.);
#2074=ORIENTED_EDGE('',*,*,#1588,.T.);
#2075=ORIENTED_EDGE('',*,*,#1589,.F.);
#2076=ORIENTED_EDGE('',*,*,#1590,.F.);
#2077=ORIENTED_EDGE('',*,*,#1553,.T.);
#2078=ORIENTED_EDGE('',*,*,#1530,.T.);
#2079=ORIENTED_EDGE('',*,*,#1591,.T.);
#2080=ORIENTED_EDGE('',*,*,#1517,.T.);
#2081=ORIENTED_EDGE('',*,*,#1534,.T.);
#2082=ORIENTED_EDGE('',*,*,#1592,.F.);
#2083=ORIENTED_EDGE('',*,*,#1593,.F.);
#2084=ORIENTED_EDGE('',*,*,#1594,.T.);
#2085=ORIENTED_EDGE('',*,*,#1595,.T.);
#2086=ORIENTED_EDGE('',*,*,#1596,.T.);
#2087=ORIENTED_EDGE('',*,*,#1597,.F.);
#2088=ORIENTED_EDGE('',*,*,#1598,.F.);
#2089=ORIENTED_EDGE('',*,*,#1599,.T.);
#2090=ORIENTED_EDGE('',*,*,#1462,.F.);
#2091=ORIENTED_EDGE('',*,*,#1600,.T.);
#2092=ORIENTED_EDGE('',*,*,#1601,.F.);
#2093=ORIENTED_EDGE('',*,*,#1602,.F.);
#2094=ORIENTED_EDGE('',*,*,#1603,.F.);
#2095=ORIENTED_EDGE('',*,*,#1600,.F.);
#2096=ORIENTED_EDGE('',*,*,#1604,.F.);
#2097=ORIENTED_EDGE('',*,*,#1605,.F.);
#2098=ORIENTED_EDGE('',*,*,#1606,.T.);
#2099=ORIENTED_EDGE('',*,*,#1457,.F.);
#2100=ORIENTED_EDGE('',*,*,#1606,.F.);
#2101=ORIENTED_EDGE('',*,*,#1607,.F.);
#2102=ORIENTED_EDGE('',*,*,#1604,.T.);
#2103=ORIENTED_EDGE('',*,*,#1608,.T.);
#2104=ORIENTED_EDGE('',*,*,#1543,.F.);
#2105=ORIENTED_EDGE('',*,*,#1562,.F.);
#2106=ORIENTED_EDGE('',*,*,#1609,.T.);
#2107=ORIENTED_EDGE('',*,*,#1610,.T.);
#2108=ORIENTED_EDGE('',*,*,#1611,.T.);
#2109=ORIENTED_EDGE('',*,*,#1607,.T.);
#2110=ORIENTED_EDGE('',*,*,#1605,.T.);
#2111=ORIENTED_EDGE('',*,*,#1542,.F.);
#2112=ORIENTED_EDGE('',*,*,#1612,.T.);
#2113=ORIENTED_EDGE('',*,*,#1613,.F.);
#2114=ORIENTED_EDGE('',*,*,#1574,.F.);
#2115=ORIENTED_EDGE('',*,*,#1614,.T.);
#2116=ORIENTED_EDGE('',*,*,#1615,.T.);
#2117=ORIENTED_EDGE('',*,*,#1546,.F.);
#2118=ORIENTED_EDGE('',*,*,#1601,.T.);
#2119=ORIENTED_EDGE('',*,*,#1603,.T.);
#2120=ORIENTED_EDGE('',*,*,#1616,.T.);
#2121=ORIENTED_EDGE('',*,*,#1617,.T.);
#2122=ORIENTED_EDGE('',*,*,#1618,.F.);
#2123=ORIENTED_EDGE('',*,*,#1602,.T.);
#2124=ORIENTED_EDGE('',*,*,#1545,.F.);
#2125=ORIENTED_EDGE('',*,*,#1619,.T.);
#2126=ORIENTED_EDGE('',*,*,#1458,.T.);
#2127=ORIENTED_EDGE('',*,*,#1620,.T.);
#2128=ORIENTED_EDGE('',*,*,#1621,.T.);
#2129=ORIENTED_EDGE('',*,*,#1622,.F.);
#2130=ORIENTED_EDGE('',*,*,#1461,.T.);
#2131=ORIENTED_EDGE('',*,*,#1623,.T.);
#2132=ORIENTED_EDGE('',*,*,#1624,.T.);
#2133=ORIENTED_EDGE('',*,*,#1620,.F.);
#2134=ORIENTED_EDGE('',*,*,#1460,.T.);
#2135=ORIENTED_EDGE('',*,*,#1625,.T.);
#2136=ORIENTED_EDGE('',*,*,#1524,.T.);
#2137=ORIENTED_EDGE('',*,*,#1623,.F.);
#2138=ORIENTED_EDGE('',*,*,#1626,.T.);
#2139=ORIENTED_EDGE('',*,*,#1625,.F.);
#2140=ORIENTED_EDGE('',*,*,#1459,.T.);
#2141=ORIENTED_EDGE('',*,*,#1622,.T.);
#2142=ORIENTED_EDGE('',*,*,#1626,.F.);
#2143=ORIENTED_EDGE('',*,*,#1627,.F.);
#2144=ORIENTED_EDGE('',*,*,#1567,.F.);
#2145=ORIENTED_EDGE('',*,*,#1560,.F.);
#2146=ORIENTED_EDGE('',*,*,#1564,.F.);
#2147=ORIENTED_EDGE('',*,*,#1525,.T.);
#2148=ORIENTED_EDGE('',*,*,#1611,.F.);
#2149=ORIENTED_EDGE('',*,*,#1628,.F.);
#2150=ORIENTED_EDGE('',*,*,#1473,.T.);
#2151=ORIENTED_EDGE('',*,*,#1469,.T.);
#2152=ORIENTED_EDGE('',*,*,#1475,.T.);
#2153=ORIENTED_EDGE('',*,*,#1629,.F.);
#2154=ORIENTED_EDGE('',*,*,#1630,.F.);
#2155=ORIENTED_EDGE('',*,*,#1631,.F.);
#2156=ORIENTED_EDGE('',*,*,#1632,.F.);
#2157=ORIENTED_EDGE('',*,*,#1633,.F.);
#2158=ORIENTED_EDGE('',*,*,#1486,.T.);
#2159=ORIENTED_EDGE('',*,*,#1482,.T.);
#2160=ORIENTED_EDGE('',*,*,#1488,.T.);
#2161=ORIENTED_EDGE('',*,*,#1634,.F.);
#2162=ORIENTED_EDGE('',*,*,#1635,.F.);
#2163=ORIENTED_EDGE('',*,*,#1636,.F.);
#2164=ORIENTED_EDGE('',*,*,#1637,.F.);
#2165=ORIENTED_EDGE('',*,*,#1638,.F.);
#2166=ORIENTED_EDGE('',*,*,#1495,.T.);
#2167=ORIENTED_EDGE('',*,*,#1491,.T.);
#2168=ORIENTED_EDGE('',*,*,#1497,.T.);
#2169=ORIENTED_EDGE('',*,*,#1639,.F.);
#2170=ORIENTED_EDGE('',*,*,#1640,.F.);
#2171=ORIENTED_EDGE('',*,*,#1641,.F.);
#2172=ORIENTED_EDGE('',*,*,#1642,.F.);
#2173=ORIENTED_EDGE('',*,*,#1643,.F.);
#2174=ORIENTED_EDGE('',*,*,#1512,.T.);
#2175=ORIENTED_EDGE('',*,*,#1508,.T.);
#2176=ORIENTED_EDGE('',*,*,#1514,.T.);
#2177=ORIENTED_EDGE('',*,*,#1644,.F.);
#2178=ORIENTED_EDGE('',*,*,#1616,.F.);
#2179=ORIENTED_EDGE('',*,*,#1619,.F.);
#2180=ORIENTED_EDGE('',*,*,#1544,.F.);
#2181=ORIENTED_EDGE('',*,*,#1608,.F.);
#2182=ORIENTED_EDGE('',*,*,#1645,.F.);
#2183=ORIENTED_EDGE('',*,*,#1646,.F.);
#2184=ORIENTED_EDGE('',*,*,#1647,.F.);
#2185=ORIENTED_EDGE('',*,*,#1648,.F.);
#2186=ORIENTED_EDGE('',*,*,#1649,.F.);
#2187=ORIENTED_EDGE('',*,*,#1650,.F.);
#2188=ORIENTED_EDGE('',*,*,#1651,.F.);
#2189=ORIENTED_EDGE('',*,*,#1652,.F.);
#2190=ORIENTED_EDGE('',*,*,#1653,.F.);
#2191=ORIENTED_EDGE('',*,*,#1654,.F.);
#2192=ORIENTED_EDGE('',*,*,#1655,.F.);
#2193=ORIENTED_EDGE('',*,*,#1656,.F.);
#2194=ORIENTED_EDGE('',*,*,#1657,.F.);
#2195=ORIENTED_EDGE('',*,*,#1658,.F.);
#2196=ORIENTED_EDGE('',*,*,#1659,.F.);
#2197=ORIENTED_EDGE('',*,*,#1660,.F.);
#2198=ORIENTED_EDGE('',*,*,#1659,.T.);
#2199=ORIENTED_EDGE('',*,*,#1661,.F.);
#2200=ORIENTED_EDGE('',*,*,#1662,.F.);
#2201=ORIENTED_EDGE('',*,*,#1663,.T.);
#2202=ORIENTED_EDGE('',*,*,#1664,.T.);
#2203=ORIENTED_EDGE('',*,*,#1658,.T.);
#2204=ORIENTED_EDGE('',*,*,#1665,.F.);
#2205=ORIENTED_EDGE('',*,*,#1666,.F.);
#2206=ORIENTED_EDGE('',*,*,#1661,.T.);
#2207=ORIENTED_EDGE('',*,*,#1655,.T.);
#2208=ORIENTED_EDGE('',*,*,#1667,.F.);
#2209=ORIENTED_EDGE('',*,*,#1668,.F.);
#2210=ORIENTED_EDGE('',*,*,#1669,.T.);
#2211=ORIENTED_EDGE('',*,*,#1670,.T.);
#2212=ORIENTED_EDGE('',*,*,#1654,.T.);
#2213=ORIENTED_EDGE('',*,*,#1671,.F.);
#2214=ORIENTED_EDGE('',*,*,#1672,.F.);
#2215=ORIENTED_EDGE('',*,*,#1667,.T.);
#2216=ORIENTED_EDGE('',*,*,#1651,.T.);
#2217=ORIENTED_EDGE('',*,*,#1673,.F.);
#2218=ORIENTED_EDGE('',*,*,#1674,.F.);
#2219=ORIENTED_EDGE('',*,*,#1675,.T.);
#2220=ORIENTED_EDGE('',*,*,#1676,.T.);
#2221=ORIENTED_EDGE('',*,*,#1650,.T.);
#2222=ORIENTED_EDGE('',*,*,#1677,.F.);
#2223=ORIENTED_EDGE('',*,*,#1678,.F.);
#2224=ORIENTED_EDGE('',*,*,#1673,.T.);
#2225=ORIENTED_EDGE('',*,*,#1647,.T.);
#2226=ORIENTED_EDGE('',*,*,#1679,.F.);
#2227=ORIENTED_EDGE('',*,*,#1680,.F.);
#2228=ORIENTED_EDGE('',*,*,#1681,.T.);
#2229=ORIENTED_EDGE('',*,*,#1682,.T.);
#2230=ORIENTED_EDGE('',*,*,#1646,.T.);
#2231=ORIENTED_EDGE('',*,*,#1683,.F.);
#2232=ORIENTED_EDGE('',*,*,#1684,.F.);
#2233=ORIENTED_EDGE('',*,*,#1679,.T.);
#2234=ORIENTED_EDGE('',*,*,#1640,.T.);
#2235=ORIENTED_EDGE('',*,*,#1685,.F.);
#2236=ORIENTED_EDGE('',*,*,#1686,.F.);
#2237=ORIENTED_EDGE('',*,*,#1586,.T.);
#2238=ORIENTED_EDGE('',*,*,#1687,.F.);
#2239=ORIENTED_EDGE('',*,*,#1639,.T.);
#2240=ORIENTED_EDGE('',*,*,#1496,.T.);
#2241=ORIENTED_EDGE('',*,*,#1638,.T.);
#2242=ORIENTED_EDGE('',*,*,#1688,.T.);
#2243=ORIENTED_EDGE('',*,*,#1689,.T.);
#2244=ORIENTED_EDGE('',*,*,#1685,.T.);
#2245=ORIENTED_EDGE('',*,*,#1637,.T.);
#2246=ORIENTED_EDGE('',*,*,#1690,.F.);
#2247=ORIENTED_EDGE('',*,*,#1584,.F.);
#2248=ORIENTED_EDGE('',*,*,#1691,.T.);
#2249=ORIENTED_EDGE('',*,*,#1688,.F.);
#2250=ORIENTED_EDGE('',*,*,#1635,.T.);
#2251=ORIENTED_EDGE('',*,*,#1692,.F.);
#2252=ORIENTED_EDGE('',*,*,#1693,.F.);
#2253=ORIENTED_EDGE('',*,*,#1597,.T.);
#2254=ORIENTED_EDGE('',*,*,#1694,.F.);
#2255=ORIENTED_EDGE('',*,*,#1634,.T.);
#2256=ORIENTED_EDGE('',*,*,#1487,.T.);
#2257=ORIENTED_EDGE('',*,*,#1633,.T.);
#2258=ORIENTED_EDGE('',*,*,#1695,.T.);
#2259=ORIENTED_EDGE('',*,*,#1696,.T.);
#2260=ORIENTED_EDGE('',*,*,#1692,.T.);
#2261=ORIENTED_EDGE('',*,*,#1632,.T.);
#2262=ORIENTED_EDGE('',*,*,#1697,.F.);
#2263=ORIENTED_EDGE('',*,*,#1595,.F.);
#2264=ORIENTED_EDGE('',*,*,#1698,.T.);
#2265=ORIENTED_EDGE('',*,*,#1695,.F.);
#2266=ORIENTED_EDGE('',*,*,#1631,.T.);
#2267=ORIENTED_EDGE('',*,*,#1699,.T.);
#2268=ORIENTED_EDGE('',*,*,#1568,.F.);
#2269=ORIENTED_EDGE('',*,*,#1627,.T.);
#2270=ORIENTED_EDGE('',*,*,#1621,.F.);
#2271=ORIENTED_EDGE('',*,*,#1700,.F.);
#2272=ORIENTED_EDGE('',*,*,#1577,.F.);
#2273=ORIENTED_EDGE('',*,*,#1701,.T.);
#2274=ORIENTED_EDGE('',*,*,#1641,.T.);
#2275=ORIENTED_EDGE('',*,*,#1687,.T.);
#2276=ORIENTED_EDGE('',*,*,#1585,.F.);
#2277=ORIENTED_EDGE('',*,*,#1690,.T.);
#2278=ORIENTED_EDGE('',*,*,#1636,.T.);
#2279=ORIENTED_EDGE('',*,*,#1694,.T.);
#2280=ORIENTED_EDGE('',*,*,#1596,.F.);
#2281=ORIENTED_EDGE('',*,*,#1697,.T.);
#2282=ORIENTED_EDGE('',*,*,#1702,.F.);
#2283=ORIENTED_EDGE('',*,*,#1703,.T.);
#2284=ORIENTED_EDGE('',*,*,#1704,.T.);
#2285=ORIENTED_EDGE('',*,*,#1663,.F.);
#2286=ORIENTED_EDGE('',*,*,#1657,.T.);
#2287=ORIENTED_EDGE('',*,*,#1705,.T.);
#2288=ORIENTED_EDGE('',*,*,#1703,.F.);
#2289=ORIENTED_EDGE('',*,*,#1706,.F.);
#2290=ORIENTED_EDGE('',*,*,#1665,.T.);
#2291=ORIENTED_EDGE('',*,*,#1666,.T.);
#2292=ORIENTED_EDGE('',*,*,#1706,.T.);
#2293=ORIENTED_EDGE('',*,*,#1702,.T.);
#2294=ORIENTED_EDGE('',*,*,#1662,.T.);
#2295=ORIENTED_EDGE('',*,*,#1707,.F.);
#2296=ORIENTED_EDGE('',*,*,#1660,.T.);
#2297=ORIENTED_EDGE('',*,*,#1664,.F.);
#2298=ORIENTED_EDGE('',*,*,#1704,.F.);
#2299=ORIENTED_EDGE('',*,*,#1705,.F.);
#2300=ORIENTED_EDGE('',*,*,#1484,.F.);
#2301=ORIENTED_EDGE('',*,*,#1708,.T.);
#2302=ORIENTED_EDGE('',*,*,#1709,.T.);
#2303=ORIENTED_EDGE('',*,*,#1710,.T.);
#2304=ORIENTED_EDGE('',*,*,#1711,.F.);
#2305=ORIENTED_EDGE('',*,*,#1712,.T.);
#2306=ORIENTED_EDGE('',*,*,#1713,.T.);
#2307=ORIENTED_EDGE('',*,*,#1714,.T.);
#2308=ORIENTED_EDGE('',*,*,#1709,.F.);
#2309=ORIENTED_EDGE('',*,*,#1715,.T.);
#2310=ORIENTED_EDGE('',*,*,#1716,.T.);
#2311=ORIENTED_EDGE('',*,*,#1717,.T.);
#2312=ORIENTED_EDGE('',*,*,#1713,.F.);
#2313=ORIENTED_EDGE('',*,*,#1718,.T.);
#2314=ORIENTED_EDGE('',*,*,#1711,.T.);
#2315=ORIENTED_EDGE('',*,*,#1719,.T.);
#2316=ORIENTED_EDGE('',*,*,#1716,.F.);
#2317=ORIENTED_EDGE('',*,*,#1718,.F.);
#2318=ORIENTED_EDGE('',*,*,#1715,.F.);
#2319=ORIENTED_EDGE('',*,*,#1712,.F.);
#2320=ORIENTED_EDGE('',*,*,#1708,.F.);
#2321=ORIENTED_EDGE('',*,*,#1720,.F.);
#2322=ORIENTED_EDGE('',*,*,#1719,.F.);
#2323=ORIENTED_EDGE('',*,*,#1710,.F.);
#2324=ORIENTED_EDGE('',*,*,#1714,.F.);
#2325=ORIENTED_EDGE('',*,*,#1717,.F.);
#2326=ORIENTED_EDGE('',*,*,#1504,.F.);
#2327=ORIENTED_EDGE('',*,*,#1721,.F.);
#2328=ORIENTED_EDGE('',*,*,#1722,.T.);
#2329=ORIENTED_EDGE('',*,*,#1723,.T.);
#2330=ORIENTED_EDGE('',*,*,#1669,.F.);
#2331=ORIENTED_EDGE('',*,*,#1653,.T.);
#2332=ORIENTED_EDGE('',*,*,#1724,.T.);
#2333=ORIENTED_EDGE('',*,*,#1722,.F.);
#2334=ORIENTED_EDGE('',*,*,#1725,.F.);
#2335=ORIENTED_EDGE('',*,*,#1671,.T.);
#2336=ORIENTED_EDGE('',*,*,#1672,.T.);
#2337=ORIENTED_EDGE('',*,*,#1725,.T.);
#2338=ORIENTED_EDGE('',*,*,#1721,.T.);
#2339=ORIENTED_EDGE('',*,*,#1668,.T.);
#2340=ORIENTED_EDGE('',*,*,#1726,.F.);
#2341=ORIENTED_EDGE('',*,*,#1656,.T.);
#2342=ORIENTED_EDGE('',*,*,#1670,.F.);
#2343=ORIENTED_EDGE('',*,*,#1723,.F.);
#2344=ORIENTED_EDGE('',*,*,#1724,.F.);
#2345=ORIENTED_EDGE('',*,*,#1493,.F.);
#2346=ORIENTED_EDGE('',*,*,#1727,.F.);
#2347=ORIENTED_EDGE('',*,*,#1728,.T.);
#2348=ORIENTED_EDGE('',*,*,#1729,.T.);
#2349=ORIENTED_EDGE('',*,*,#1730,.F.);
#2350=ORIENTED_EDGE('',*,*,#1731,.F.);
#2351=ORIENTED_EDGE('',*,*,#1732,.T.);
#2352=ORIENTED_EDGE('',*,*,#1733,.T.);
#2353=ORIENTED_EDGE('',*,*,#1728,.F.);
#2354=ORIENTED_EDGE('',*,*,#1734,.F.);
#2355=ORIENTED_EDGE('',*,*,#1735,.T.);
#2356=ORIENTED_EDGE('',*,*,#1736,.T.);
#2357=ORIENTED_EDGE('',*,*,#1732,.F.);
#2358=ORIENTED_EDGE('',*,*,#1737,.F.);
#2359=ORIENTED_EDGE('',*,*,#1730,.T.);
#2360=ORIENTED_EDGE('',*,*,#1738,.T.);
#2361=ORIENTED_EDGE('',*,*,#1735,.F.);
#2362=ORIENTED_EDGE('',*,*,#1737,.T.);
#2363=ORIENTED_EDGE('',*,*,#1734,.T.);
#2364=ORIENTED_EDGE('',*,*,#1731,.T.);
#2365=ORIENTED_EDGE('',*,*,#1727,.T.);
#2366=ORIENTED_EDGE('',*,*,#1739,.F.);
#2367=ORIENTED_EDGE('',*,*,#1738,.F.);
#2368=ORIENTED_EDGE('',*,*,#1729,.F.);
#2369=ORIENTED_EDGE('',*,*,#1733,.F.);
#2370=ORIENTED_EDGE('',*,*,#1736,.F.);
#2371=ORIENTED_EDGE('',*,*,#1465,.F.);
#2372=ORIENTED_EDGE('',*,*,#1740,.F.);
#2373=ORIENTED_EDGE('',*,*,#1741,.T.);
#2374=ORIENTED_EDGE('',*,*,#1742,.T.);
#2375=ORIENTED_EDGE('',*,*,#1743,.F.);
#2376=ORIENTED_EDGE('',*,*,#1744,.F.);
#2377=ORIENTED_EDGE('',*,*,#1745,.T.);
#2378=ORIENTED_EDGE('',*,*,#1746,.T.);
#2379=ORIENTED_EDGE('',*,*,#1741,.F.);
#2380=ORIENTED_EDGE('',*,*,#1747,.F.);
#2381=ORIENTED_EDGE('',*,*,#1748,.T.);
#2382=ORIENTED_EDGE('',*,*,#1749,.T.);
#2383=ORIENTED_EDGE('',*,*,#1745,.F.);
#2384=ORIENTED_EDGE('',*,*,#1750,.F.);
#2385=ORIENTED_EDGE('',*,*,#1743,.T.);
#2386=ORIENTED_EDGE('',*,*,#1751,.T.);
#2387=ORIENTED_EDGE('',*,*,#1748,.F.);
#2388=ORIENTED_EDGE('',*,*,#1750,.T.);
#2389=ORIENTED_EDGE('',*,*,#1747,.T.);
#2390=ORIENTED_EDGE('',*,*,#1744,.T.);
#2391=ORIENTED_EDGE('',*,*,#1740,.T.);
#2392=ORIENTED_EDGE('',*,*,#1752,.F.);
#2393=ORIENTED_EDGE('',*,*,#1751,.F.);
#2394=ORIENTED_EDGE('',*,*,#1742,.F.);
#2395=ORIENTED_EDGE('',*,*,#1746,.F.);
#2396=ORIENTED_EDGE('',*,*,#1749,.F.);
#2397=ORIENTED_EDGE('',*,*,#1478,.F.);
#2398=ORIENTED_EDGE('',*,*,#1753,.F.);
#2399=ORIENTED_EDGE('',*,*,#1754,.T.);
#2400=ORIENTED_EDGE('',*,*,#1755,.T.);
#2401=ORIENTED_EDGE('',*,*,#1675,.F.);
#2402=ORIENTED_EDGE('',*,*,#1649,.T.);
#2403=ORIENTED_EDGE('',*,*,#1756,.T.);
#2404=ORIENTED_EDGE('',*,*,#1754,.F.);
#2405=ORIENTED_EDGE('',*,*,#1757,.F.);
#2406=ORIENTED_EDGE('',*,*,#1677,.T.);
#2407=ORIENTED_EDGE('',*,*,#1678,.T.);
#2408=ORIENTED_EDGE('',*,*,#1757,.T.);
#2409=ORIENTED_EDGE('',*,*,#1753,.T.);
#2410=ORIENTED_EDGE('',*,*,#1674,.T.);
#2411=ORIENTED_EDGE('',*,*,#1758,.F.);
#2412=ORIENTED_EDGE('',*,*,#1652,.T.);
#2413=ORIENTED_EDGE('',*,*,#1676,.F.);
#2414=ORIENTED_EDGE('',*,*,#1755,.F.);
#2415=ORIENTED_EDGE('',*,*,#1756,.F.);
#2416=ORIENTED_EDGE('',*,*,#1510,.F.);
#2417=ORIENTED_EDGE('',*,*,#1759,.F.);
#2418=ORIENTED_EDGE('',*,*,#1760,.T.);
#2419=ORIENTED_EDGE('',*,*,#1761,.T.);
#2420=ORIENTED_EDGE('',*,*,#1762,.F.);
#2421=ORIENTED_EDGE('',*,*,#1763,.F.);
#2422=ORIENTED_EDGE('',*,*,#1764,.T.);
#2423=ORIENTED_EDGE('',*,*,#1765,.T.);
#2424=ORIENTED_EDGE('',*,*,#1760,.F.);
#2425=ORIENTED_EDGE('',*,*,#1766,.F.);
#2426=ORIENTED_EDGE('',*,*,#1767,.T.);
#2427=ORIENTED_EDGE('',*,*,#1768,.T.);
#2428=ORIENTED_EDGE('',*,*,#1764,.F.);
#2429=ORIENTED_EDGE('',*,*,#1769,.F.);
#2430=ORIENTED_EDGE('',*,*,#1762,.T.);
#2431=ORIENTED_EDGE('',*,*,#1770,.T.);
#2432=ORIENTED_EDGE('',*,*,#1767,.F.);
#2433=ORIENTED_EDGE('',*,*,#1769,.T.);
#2434=ORIENTED_EDGE('',*,*,#1766,.T.);
#2435=ORIENTED_EDGE('',*,*,#1763,.T.);
#2436=ORIENTED_EDGE('',*,*,#1759,.T.);
#2437=ORIENTED_EDGE('',*,*,#1771,.F.);
#2438=ORIENTED_EDGE('',*,*,#1770,.F.);
#2439=ORIENTED_EDGE('',*,*,#1761,.F.);
#2440=ORIENTED_EDGE('',*,*,#1765,.F.);
#2441=ORIENTED_EDGE('',*,*,#1768,.F.);
#2442=ORIENTED_EDGE('',*,*,#1500,.F.);
#2443=ORIENTED_EDGE('',*,*,#1772,.F.);
#2444=ORIENTED_EDGE('',*,*,#1773,.T.);
#2445=ORIENTED_EDGE('',*,*,#1774,.T.);
#2446=ORIENTED_EDGE('',*,*,#1681,.F.);
#2447=ORIENTED_EDGE('',*,*,#1645,.T.);
#2448=ORIENTED_EDGE('',*,*,#1775,.T.);
#2449=ORIENTED_EDGE('',*,*,#1773,.F.);
#2450=ORIENTED_EDGE('',*,*,#1776,.F.);
#2451=ORIENTED_EDGE('',*,*,#1683,.T.);
#2452=ORIENTED_EDGE('',*,*,#1684,.T.);
#2453=ORIENTED_EDGE('',*,*,#1776,.T.);
#2454=ORIENTED_EDGE('',*,*,#1772,.T.);
#2455=ORIENTED_EDGE('',*,*,#1680,.T.);
#2456=ORIENTED_EDGE('',*,*,#1777,.F.);
#2457=ORIENTED_EDGE('',*,*,#1648,.T.);
#2458=ORIENTED_EDGE('',*,*,#1682,.F.);
#2459=ORIENTED_EDGE('',*,*,#1774,.F.);
#2460=ORIENTED_EDGE('',*,*,#1775,.F.);
#2461=ORIENTED_EDGE('',*,*,#1471,.F.);
#2462=ORIENTED_EDGE('',*,*,#1565,.F.);
#2463=ORIENTED_EDGE('',*,*,#1778,.T.);
#2464=ORIENTED_EDGE('',*,*,#1739,.T.);
#2465=ORIENTED_EDGE('',*,*,#1778,.F.);
#2466=ORIENTED_EDGE('',*,*,#1643,.T.);
#2467=ORIENTED_EDGE('',*,*,#1779,.T.);
#2468=ORIENTED_EDGE('',*,*,#1780,.T.);
#2469=ORIENTED_EDGE('',*,*,#1617,.F.);
#2470=ORIENTED_EDGE('',*,*,#1644,.T.);
#2471=ORIENTED_EDGE('',*,*,#1513,.T.);
#2472=ORIENTED_EDGE('',*,*,#1535,.F.);
#2473=ORIENTED_EDGE('',*,*,#1519,.T.);
#2474=ORIENTED_EDGE('',*,*,#1781,.T.);
#2475=ORIENTED_EDGE('',*,*,#1782,.T.);
#2476=ORIENTED_EDGE('',*,*,#1628,.T.);
#2477=ORIENTED_EDGE('',*,*,#1610,.F.);
#2478=ORIENTED_EDGE('',*,*,#1783,.T.);
#2479=ORIENTED_EDGE('',*,*,#1784,.T.);
#2480=ORIENTED_EDGE('',*,*,#1629,.T.);
#2481=ORIENTED_EDGE('',*,*,#1474,.T.);
#2482=ORIENTED_EDGE('',*,*,#1547,.F.);
#2483=ORIENTED_EDGE('',*,*,#1615,.F.);
#2484=ORIENTED_EDGE('',*,*,#1785,.T.);
#2485=ORIENTED_EDGE('',*,*,#1786,.T.);
#2486=ORIENTED_EDGE('',*,*,#1538,.F.);
#2487=ORIENTED_EDGE('',*,*,#1555,.T.);
#2488=ORIENTED_EDGE('',*,*,#1787,.T.);
#2489=ORIENTED_EDGE('',*,*,#1788,.T.);
#2490=ORIENTED_EDGE('',*,*,#1541,.F.);
#2491=ORIENTED_EDGE('',*,*,#1558,.T.);
#2492=ORIENTED_EDGE('',*,*,#1789,.T.);
#2493=ORIENTED_EDGE('',*,*,#1612,.F.);
#2494=ORIENTED_EDGE('',*,*,#1551,.F.);
#2495=ORIENTED_EDGE('',*,*,#1790,.T.);
#2496=ORIENTED_EDGE('',*,*,#1791,.F.);
#2497=ORIENTED_EDGE('',*,*,#1552,.F.);
#2498=ORIENTED_EDGE('',*,*,#1791,.T.);
#2499=ORIENTED_EDGE('',*,*,#1792,.T.);
#2500=ORIENTED_EDGE('',*,*,#1793,.F.);
#2501=ORIENTED_EDGE('',*,*,#1549,.F.);
#2502=ORIENTED_EDGE('',*,*,#1793,.T.);
#2503=ORIENTED_EDGE('',*,*,#1794,.T.);
#2504=ORIENTED_EDGE('',*,*,#1550,.F.);
#2505=ORIENTED_EDGE('',*,*,#1794,.F.);
#2506=ORIENTED_EDGE('',*,*,#1792,.F.);
#2507=ORIENTED_EDGE('',*,*,#1790,.F.);
#2508=ORIENTED_EDGE('',*,*,#1599,.F.);
#2509=ORIENTED_EDGE('',*,*,#1795,.T.);
#2510=ORIENTED_EDGE('',*,*,#1707,.T.);
#2511=ORIENTED_EDGE('',*,*,#1795,.F.);
#2512=ORIENTED_EDGE('',*,*,#1579,.F.);
#2513=ORIENTED_EDGE('',*,*,#1796,.T.);
#2514=ORIENTED_EDGE('',*,*,#1758,.T.);
#2515=ORIENTED_EDGE('',*,*,#1796,.F.);
#2516=ORIENTED_EDGE('',*,*,#1594,.F.);
#2517=ORIENTED_EDGE('',*,*,#1797,.T.);
#2518=ORIENTED_EDGE('',*,*,#1771,.T.);
#2519=ORIENTED_EDGE('',*,*,#1797,.F.);
#2520=ORIENTED_EDGE('',*,*,#1591,.F.);
#2521=ORIENTED_EDGE('',*,*,#1798,.T.);
#2522=ORIENTED_EDGE('',*,*,#1752,.T.);
#2523=ORIENTED_EDGE('',*,*,#1798,.F.);
#2524=ORIENTED_EDGE('',*,*,#1583,.F.);
#2525=ORIENTED_EDGE('',*,*,#1799,.T.);
#2526=ORIENTED_EDGE('',*,*,#1720,.T.);
#2527=ORIENTED_EDGE('',*,*,#1799,.F.);
#2528=ORIENTED_EDGE('',*,*,#1588,.F.);
#2529=ORIENTED_EDGE('',*,*,#1800,.T.);
#2530=ORIENTED_EDGE('',*,*,#1726,.T.);
#2531=ORIENTED_EDGE('',*,*,#1800,.F.);
#2532=ORIENTED_EDGE('',*,*,#1570,.F.);
#2533=ORIENTED_EDGE('',*,*,#1801,.T.);
#2534=ORIENTED_EDGE('',*,*,#1777,.T.);
#2535=ORIENTED_EDGE('',*,*,#1801,.F.);
#2536=ORIENTED_EDGE('',*,*,#1566,.T.);
#2537=ORIENTED_EDGE('',*,*,#1802,.T.);
#2538=ORIENTED_EDGE('',*,*,#1783,.F.);
#2539=ORIENTED_EDGE('',*,*,#1609,.F.);
#2540=ORIENTED_EDGE('',*,*,#1561,.F.);
#2541=ORIENTED_EDGE('',*,*,#1563,.T.);
#2542=ORIENTED_EDGE('',*,*,#1559,.F.);
#2543=ORIENTED_EDGE('',*,*,#1613,.T.);
#2544=ORIENTED_EDGE('',*,*,#1789,.F.);
#2545=ORIENTED_EDGE('',*,*,#1557,.F.);
#2546=ORIENTED_EDGE('',*,*,#1539,.F.);
#2547=ORIENTED_EDGE('',*,*,#1788,.F.);
#2548=ORIENTED_EDGE('',*,*,#1803,.F.);
#2549=ORIENTED_EDGE('',*,*,#1589,.T.);
#2550=ORIENTED_EDGE('',*,*,#1529,.T.);
#2551=ORIENTED_EDGE('',*,*,#1590,.T.);
#2552=ORIENTED_EDGE('',*,*,#1803,.T.);
#2553=ORIENTED_EDGE('',*,*,#1787,.F.);
#2554=ORIENTED_EDGE('',*,*,#1554,.F.);
#2555=ORIENTED_EDGE('',*,*,#1536,.F.);
#2556=ORIENTED_EDGE('',*,*,#1782,.F.);
#2557=ORIENTED_EDGE('',*,*,#1804,.F.);
#2558=ORIENTED_EDGE('',*,*,#1592,.T.);
#2559=ORIENTED_EDGE('',*,*,#1533,.T.);
#2560=ORIENTED_EDGE('',*,*,#1593,.T.);
#2561=ORIENTED_EDGE('',*,*,#1804,.T.);
#2562=ORIENTED_EDGE('',*,*,#1781,.F.);
#2563=ORIENTED_EDGE('',*,*,#1518,.F.);
#2564=ORIENTED_EDGE('',*,*,#1548,.F.);
#2565=ORIENTED_EDGE('',*,*,#1786,.F.);
#2566=ORIENTED_EDGE('',*,*,#1805,.F.);
#2567=ORIENTED_EDGE('',*,*,#1582,.T.);
#2568=ORIENTED_EDGE('',*,*,#1521,.T.);
#2569=ORIENTED_EDGE('',*,*,#1580,.T.);
#2570=ORIENTED_EDGE('',*,*,#1805,.T.);
#2571=ORIENTED_EDGE('',*,*,#1785,.F.);
#2572=ORIENTED_EDGE('',*,*,#1614,.F.);
#2573=ORIENTED_EDGE('',*,*,#1573,.F.);
#2574=ORIENTED_EDGE('',*,*,#1575,.T.);
#2575=ORIENTED_EDGE('',*,*,#1571,.F.);
#2576=ORIENTED_EDGE('',*,*,#1618,.T.);
#2577=ORIENTED_EDGE('',*,*,#1780,.F.);
#2578=ORIENTED_EDGE('',*,*,#1806,.F.);
#2579=ORIENTED_EDGE('',*,*,#1642,.T.);
#2580=ORIENTED_EDGE('',*,*,#1701,.F.);
#2581=ORIENTED_EDGE('',*,*,#1576,.F.);
#2582=ORIENTED_EDGE('',*,*,#1806,.T.);
#2583=ORIENTED_EDGE('',*,*,#1779,.F.);
#2584=ORIENTED_EDGE('',*,*,#1587,.T.);
#2585=ORIENTED_EDGE('',*,*,#1686,.T.);
#2586=ORIENTED_EDGE('',*,*,#1689,.F.);
#2587=ORIENTED_EDGE('',*,*,#1691,.F.);
#2588=ORIENTED_EDGE('',*,*,#1598,.T.);
#2589=ORIENTED_EDGE('',*,*,#1693,.T.);
#2590=ORIENTED_EDGE('',*,*,#1696,.F.);
#2591=ORIENTED_EDGE('',*,*,#1698,.F.);
#2592=ORIENTED_EDGE('',*,*,#1630,.T.);
#2593=ORIENTED_EDGE('',*,*,#1784,.F.);
#2594=ORIENTED_EDGE('',*,*,#1802,.F.);
#2595=ORIENTED_EDGE('',*,*,#1569,.T.);
#2596=ORIENTED_EDGE('',*,*,#1699,.F.);
#2597=ORIENTED_EDGE('',*,*,#1624,.F.);
#2598=ORIENTED_EDGE('',*,*,#1523,.F.);
#2599=ORIENTED_EDGE('',*,*,#1581,.F.);
#2600=ORIENTED_EDGE('',*,*,#1572,.F.);
#2601=ORIENTED_EDGE('',*,*,#1578,.F.);
#2602=ORIENTED_EDGE('',*,*,#1700,.T.);
#2603=PLANE('',#2899);
#2604=PLANE('',#2900);
#2605=PLANE('',#2901);
#2606=PLANE('',#2902);
#2607=PLANE('',#2903);
#2608=PLANE('',#2904);
#2609=PLANE('',#2905);
#2610=PLANE('',#2906);
#2611=PLANE('',#2907);
#2612=PLANE('',#2908);
#2613=PLANE('',#2909);
#2614=PLANE('',#2910);
#2615=PLANE('',#2911);
#2616=PLANE('',#2912);
#2617=PLANE('',#2913);
#2618=PLANE('',#2914);
#2619=PLANE('',#2915);
#2620=PLANE('',#2916);
#2621=PLANE('',#2917);
#2622=PLANE('',#2918);
#2623=PLANE('',#2919);
#2624=PLANE('',#2920);
#2625=PLANE('',#2922);
#2626=PLANE('',#2923);
#2627=PLANE('',#2924);
#2628=PLANE('',#2926);
#2629=PLANE('',#2975);
#2630=PLANE('',#2976);
#2631=PLANE('',#2977);
#2632=PLANE('',#2978);
#2633=PLANE('',#2979);
#2634=PLANE('',#2980);
#2635=PLANE('',#2981);
#2636=PLANE('',#2983);
#2637=PLANE('',#2985);
#2638=PLANE('',#2986);
#2639=PLANE('',#2988);
#2640=PLANE('',#2990);
#2641=PLANE('',#2992);
#2642=PLANE('',#2994);
#2643=PLANE('',#2996);
#2644=PLANE('',#3006);
#2645=PLANE('',#3007);
#2646=PLANE('',#3008);
#2647=PLANE('',#3009);
#2648=PLANE('',#3010);
#2649=PLANE('',#3011);
#2650=PLANE('',#3012);
#2651=PLANE('',#3013);
#2652=PLANE('',#3014);
#2653=PLANE('',#3015);
#2654=PLANE('',#3016);
#2655=PLANE('',#3017);
#2656=PLANE('',#3018);
#2657=PLANE('',#3019);
#2658=PLANE('',#3020);
#2659=PLANE('',#3021);
#2660=PLANE('',#3022);
#2661=PLANE('',#3023);
#2662=PLANE('',#3024);
#2663=PLANE('',#3025);
#2664=PLANE('',#3026);
#2665=PLANE('',#3027);
#2666=PLANE('',#3028);
#2667=PLANE('',#3029);
#2668=PLANE('',#3030);
#2669=PLANE('',#3031);
#2670=PLANE('',#3032);
#2671=PLANE('',#3033);
#2672=PLANE('',#3034);
#2673=PLANE('',#3035);
#2674=PLANE('',#3036);
#2675=PLANE('',#3037);
#2676=PLANE('',#3039);
#2677=PLANE('',#3040);
#2678=PLANE('',#3041);
#2679=PLANE('',#3042);
#2680=PLANE('',#3043);
#2681=PLANE('',#3044);
#2682=PLANE('',#3046);
#2683=PLANE('',#3047);
#2684=PLANE('',#3048);
#2685=PLANE('',#3049);
#2686=PLANE('',#3051);
#2687=PLANE('',#3052);
#2688=PLANE('',#3053);
#2689=PLANE('',#3054);
#2690=PLANE('',#3055);
#2691=PLANE('',#3056);
#2692=PLANE('',#3058);
#2693=PLANE('',#3059);
#2694=PLANE('',#3060);
#2695=PLANE('',#3061);
#2696=PLANE('',#3062);
#2697=PLANE('',#3063);
#2698=PLANE('',#3065);
#2699=PLANE('',#3066);
#2700=PLANE('',#3067);
#2701=PLANE('',#3068);
#2702=PLANE('',#3070);
#2703=PLANE('',#3071);
#2704=PLANE('',#3072);
#2705=PLANE('',#3073);
#2706=PLANE('',#3074);
#2707=PLANE('',#3075);
#2708=PLANE('',#3077);
#2709=PLANE('',#3078);
#2710=PLANE('',#3079);
#2711=PLANE('',#3080);
#2712=PLANE('',#3082);
#2713=PLANE('',#3084);
#2714=PLANE('',#3085);
#2715=PLANE('',#3086);
#2716=PLANE('',#3087);
#2717=PLANE('',#3088);
#2718=PLANE('',#3089);
#2719=PLANE('',#3090);
#2720=PLANE('',#3091);
#2721=PLANE('',#3092);
#2722=PLANE('',#3093);
#2723=PLANE('',#3101);
#2724=PLANE('',#3102);
#2725=PLANE('',#3103);
#2726=PLANE('',#3104);
#2727=PLANE('',#3105);
#2728=PLANE('',#3106);
#2729=PLANE('',#3107);
#2730=PLANE('',#3108);
#2731=PLANE('',#3109);
#2732=PLANE('',#3110);
#2733=PLANE('',#3111);
#2734=PLANE('',#3112);
#2735=PLANE('',#3113);
#2736=PLANE('',#3114);
#2737=ADVANCED_FACE('',(#129),#2603,.T.);
#2738=ADVANCED_FACE('',(#130),#2604,.T.);
#2739=ADVANCED_FACE('',(#131),#2605,.T.);
#2740=ADVANCED_FACE('',(#132),#2606,.T.);
#2741=ADVANCED_FACE('',(#133),#2607,.T.);
#2742=ADVANCED_FACE('',(#134),#2608,.T.);
#2743=ADVANCED_FACE('',(#135),#2609,.T.);
#2744=ADVANCED_FACE('',(#136),#2610,.T.);
#2745=ADVANCED_FACE('',(#137),#2611,.T.);
#2746=ADVANCED_FACE('',(#138),#2612,.T.);
#2747=ADVANCED_FACE('',(#139),#2613,.T.);
#2748=ADVANCED_FACE('',(#140),#2614,.T.);
#2749=ADVANCED_FACE('',(#141),#2615,.T.);
#2750=ADVANCED_FACE('',(#142),#2616,.T.);
#2751=ADVANCED_FACE('',(#143),#2617,.T.);
#2752=ADVANCED_FACE('',(#144),#2618,.T.);
#2753=ADVANCED_FACE('',(#145),#2619,.T.);
#2754=ADVANCED_FACE('',(#146),#2620,.T.);
#2755=ADVANCED_FACE('',(#147),#2621,.T.);
#2756=ADVANCED_FACE('',(#148),#2622,.T.);
#2757=ADVANCED_FACE('',(#149),#2623,.T.);
#2758=ADVANCED_FACE('',(#150,#53),#2624,.T.);
#2759=ADVANCED_FACE('',(#151,#54),#2625,.T.);
#2760=ADVANCED_FACE('',(#152),#2626,.T.);
#2761=ADVANCED_FACE('',(#153,#55),#2627,.T.);
#2762=ADVANCED_FACE('',(#154),#2628,.F.);
#2763=ADVANCED_FACE('',(#155),#45,.F.);
#2764=ADVANCED_FACE('',(#156),#27,.F.);
#2765=ADVANCED_FACE('',(#157),#46,.F.);
#2766=ADVANCED_FACE('',(#158),#28,.F.);
#2767=ADVANCED_FACE('',(#159),#47,.F.);
#2768=ADVANCED_FACE('',(#160),#29,.F.);
#2769=ADVANCED_FACE('',(#161),#48,.F.);
#2770=ADVANCED_FACE('',(#162),#30,.F.);
#2771=ADVANCED_FACE('',(#163),#49,.F.);
#2772=ADVANCED_FACE('',(#164),#31,.F.);
#2773=ADVANCED_FACE('',(#165),#50,.F.);
#2774=ADVANCED_FACE('',(#166),#32,.F.);
#2775=ADVANCED_FACE('',(#167),#51,.F.);
#2776=ADVANCED_FACE('',(#168),#33,.F.);
#2777=ADVANCED_FACE('',(#169),#52,.F.);
#2778=ADVANCED_FACE('',(#170),#34,.F.);
#2779=ADVANCED_FACE('',(#171),#2629,.T.);
#2780=ADVANCED_FACE('',(#172),#2630,.T.);
#2781=ADVANCED_FACE('',(#173,#56),#2631,.F.);
#2782=ADVANCED_FACE('',(#174),#2632,.T.);
#2783=ADVANCED_FACE('',(#175),#2633,.T.);
#2784=ADVANCED_FACE('',(#176),#2634,.T.);
#2785=ADVANCED_FACE('',(#177,#57),#2635,.F.);
#2786=ADVANCED_FACE('',(#178,#58),#2636,.F.);
#2787=ADVANCED_FACE('',(#179),#2637,.T.);
#2788=ADVANCED_FACE('',(#180,#59),#2638,.F.);
#2789=ADVANCED_FACE('',(#181,#60),#2639,.F.);
#2790=ADVANCED_FACE('',(#182,#61),#2640,.F.);
#2791=ADVANCED_FACE('',(#183,#62),#2641,.F.);
#2792=ADVANCED_FACE('',(#184,#63),#2642,.F.);
#2793=ADVANCED_FACE('',(#185,#64),#2643,.F.);
#2794=ADVANCED_FACE('',(#186),#35,.F.);
#2795=ADVANCED_FACE('',(#187),#36,.F.);
#2796=ADVANCED_FACE('',(#188),#2644,.T.);
#2797=ADVANCED_FACE('',(#189),#2645,.T.);
#2798=ADVANCED_FACE('',(#190),#2646,.T.);
#2799=ADVANCED_FACE('',(#191),#2647,.T.);
#2800=ADVANCED_FACE('',(#192),#2648,.T.);
#2801=ADVANCED_FACE('',(#193),#2649,.T.);
#2802=ADVANCED_FACE('',(#194),#2650,.T.);
#2803=ADVANCED_FACE('',(#195),#2651,.T.);
#2804=ADVANCED_FACE('',(#196),#2652,.T.);
#2805=ADVANCED_FACE('',(#197),#2653,.T.);
#2806=ADVANCED_FACE('',(#198),#2654,.T.);
#2807=ADVANCED_FACE('',(#199),#2655,.T.);
#2808=ADVANCED_FACE('',(#200),#2656,.T.);
#2809=ADVANCED_FACE('',(#201),#2657,.T.);
#2810=ADVANCED_FACE('',(#202),#2658,.F.);
#2811=ADVANCED_FACE('',(#203),#2659,.F.);
#2812=ADVANCED_FACE('',(#204),#2660,.F.);
#2813=ADVANCED_FACE('',(#205),#2661,.F.);
#2814=ADVANCED_FACE('',(#206),#2662,.F.);
#2815=ADVANCED_FACE('',(#207),#2663,.F.);
#2816=ADVANCED_FACE('',(#208),#2664,.F.);
#2817=ADVANCED_FACE('',(#209),#2665,.F.);
#2818=ADVANCED_FACE('',(#210),#2666,.T.);
#2819=ADVANCED_FACE('',(#211),#2667,.T.);
#2820=ADVANCED_FACE('',(#212),#2668,.T.);
#2821=ADVANCED_FACE('',(#213),#2669,.T.);
#2822=ADVANCED_FACE('',(#214),#2670,.T.);
#2823=ADVANCED_FACE('',(#215),#2671,.T.);
#2824=ADVANCED_FACE('',(#216),#2672,.F.);
#2825=ADVANCED_FACE('',(#217),#2673,.F.);
#2826=ADVANCED_FACE('',(#218),#2674,.F.);
#2827=ADVANCED_FACE('',(#219,#65),#2675,.F.);
#2828=ADVANCED_FACE('',(#220,#66),#2676,.F.);
#2829=ADVANCED_FACE('',(#221),#2677,.F.);
#2830=ADVANCED_FACE('',(#222),#2678,.F.);
#2831=ADVANCED_FACE('',(#223),#2679,.F.);
#2832=ADVANCED_FACE('',(#224),#2680,.F.);
#2833=ADVANCED_FACE('',(#225,#67),#2681,.F.);
#2834=ADVANCED_FACE('',(#226,#68),#2682,.F.);
#2835=ADVANCED_FACE('',(#227),#2683,.F.);
#2836=ADVANCED_FACE('',(#228),#2684,.F.);
#2837=ADVANCED_FACE('',(#229,#69),#2685,.F.);
#2838=ADVANCED_FACE('',(#230,#70),#2686,.F.);
#2839=ADVANCED_FACE('',(#231),#2687,.F.);
#2840=ADVANCED_FACE('',(#232),#2688,.F.);
#2841=ADVANCED_FACE('',(#233),#2689,.F.);
#2842=ADVANCED_FACE('',(#234),#2690,.F.);
#2843=ADVANCED_FACE('',(#235,#71),#2691,.F.);
#2844=ADVANCED_FACE('',(#236,#72),#2692,.F.);
#2845=ADVANCED_FACE('',(#237),#2693,.F.);
#2846=ADVANCED_FACE('',(#238),#2694,.F.);
#2847=ADVANCED_FACE('',(#239),#2695,.F.);
#2848=ADVANCED_FACE('',(#240),#2696,.F.);
#2849=ADVANCED_FACE('',(#241,#73),#2697,.F.);
#2850=ADVANCED_FACE('',(#242,#74),#2698,.F.);
#2851=ADVANCED_FACE('',(#243),#2699,.F.);
#2852=ADVANCED_FACE('',(#244),#2700,.F.);
#2853=ADVANCED_FACE('',(#245,#75),#2701,.F.);
#2854=ADVANCED_FACE('',(#246,#76),#2702,.F.);
#2855=ADVANCED_FACE('',(#247),#2703,.F.);
#2856=ADVANCED_FACE('',(#248),#2704,.F.);
#2857=ADVANCED_FACE('',(#249),#2705,.F.);
#2858=ADVANCED_FACE('',(#250),#2706,.F.);
#2859=ADVANCED_FACE('',(#251,#77),#2707,.F.);
#2860=ADVANCED_FACE('',(#252,#78),#2708,.F.);
#2861=ADVANCED_FACE('',(#253),#2709,.F.);
#2862=ADVANCED_FACE('',(#254),#2710,.F.);
#2863=ADVANCED_FACE('',(#255,#79),#2711,.F.);
#2864=ADVANCED_FACE('',(#256,#80),#2712,.F.);
#2865=ADVANCED_FACE('',(#257),#37,.F.);
#2866=ADVANCED_FACE('',(#258),#2713,.T.);
#2867=ADVANCED_FACE('',(#259),#2714,.T.);
#2868=ADVANCED_FACE('',(#260),#2715,.T.);
#2869=ADVANCED_FACE('',(#261),#2716,.T.);
#2870=ADVANCED_FACE('',(#262),#2717,.T.);
#2871=ADVANCED_FACE('',(#263),#2718,.T.);
#2872=ADVANCED_FACE('',(#264),#2719,.F.);
#2873=ADVANCED_FACE('',(#265),#2720,.F.);
#2874=ADVANCED_FACE('',(#266),#2721,.F.);
#2875=ADVANCED_FACE('',(#267),#2722,.F.);
#2876=ADVANCED_FACE('',(#268),#38,.F.);
#2877=ADVANCED_FACE('',(#269),#39,.F.);
#2878=ADVANCED_FACE('',(#270),#40,.F.);
#2879=ADVANCED_FACE('',(#271),#41,.F.);
#2880=ADVANCED_FACE('',(#272),#42,.F.);
#2881=ADVANCED_FACE('',(#273),#43,.F.);
#2882=ADVANCED_FACE('',(#274),#44,.F.);
#2883=ADVANCED_FACE('',(#275),#2723,.T.);
#2884=ADVANCED_FACE('',(#276),#2724,.T.);
#2885=ADVANCED_FACE('',(#277),#2725,.T.);
#2886=ADVANCED_FACE('',(#278),#2726,.T.);
#2887=ADVANCED_FACE('',(#279),#2727,.T.);
#2888=ADVANCED_FACE('',(#280),#2728,.T.);
#2889=ADVANCED_FACE('',(#281),#2729,.T.);
#2890=ADVANCED_FACE('',(#282),#2730,.T.);
#2891=ADVANCED_FACE('',(#283),#2731,.T.);
#2892=ADVANCED_FACE('',(#284),#2732,.T.);
#2893=ADVANCED_FACE('',(#285),#2733,.T.);
#2894=ADVANCED_FACE('',(#286),#2734,.T.);
#2895=ADVANCED_FACE('',(#287),#2735,.T.);
#2896=ADVANCED_FACE('',(#288),#2736,.T.);
#2897=CLOSED_SHELL('',(#2737,#2738,#2739,#2740,#2741,#2742,#2743,#2744,
#2745,#2746,#2747,#2748,#2749,#2750,#2751,#2752,#2753,#2754,#2755,#2756,
#2757,#2758,#2759,#2760,#2761,#2762,#2763,#2764,#2765,#2766,#2767,#2768,
#2769,#2770,#2771,#2772,#2773,#2774,#2775,#2776,#2777,#2778,#2779,#2780,
#2781,#2782,#2783,#2784,#2785,#2786,#2787,#2788,#2789,#2790,#2791,#2792,
#2793,#2794,#2795,#2796,#2797,#2798,#2799,#2800,#2801,#2802,#2803,#2804,
#2805,#2806,#2807,#2808,#2809,#2810,#2811,#2812,#2813,#2814,#2815,#2816,
#2817,#2818,#2819,#2820,#2821,#2822,#2823,#2824,#2825,#2826,#2827,#2828,
#2829,#2830,#2831,#2832,#2833,#2834,#2835,#2836,#2837,#2838,#2839,#2840,
#2841,#2842,#2843,#2844,#2845,#2846,#2847,#2848,#2849,#2850,#2851,#2852,
#2853,#2854,#2855,#2856,#2857,#2858,#2859,#2860,#2861,#2862,#2863,#2864,
#2865,#2866,#2867,#2868,#2869,#2870,#2871,#2872,#2873,#2874,#2875,#2876,
#2877,#2878,#2879,#2880,#2881,#2882,#2883,#2884,#2885,#2886,#2887,#2888,
#2889,#2890,#2891,#2892,#2893,#2894,#2895,#2896));
#2898=AXIS2_PLACEMENT_3D('',#3887,#3115,#3116);
#2899=AXIS2_PLACEMENT_3D('',#3888,#3117,#3118);
#2900=AXIS2_PLACEMENT_3D('',#3895,#3122,#3123);
#2901=AXIS2_PLACEMENT_3D('',#3902,#3127,#3128);
#2902=AXIS2_PLACEMENT_3D('',#3905,#3131,#3132);
#2903=AXIS2_PLACEMENT_3D('',#3912,#3136,#3137);
#2904=AXIS2_PLACEMENT_3D('',#3915,#3140,#3141);
#2905=AXIS2_PLACEMENT_3D('',#3922,#3145,#3146);
#2906=AXIS2_PLACEMENT_3D('',#3929,#3150,#3151);
#2907=AXIS2_PLACEMENT_3D('',#3932,#3154,#3155);
#2908=AXIS2_PLACEMENT_3D('',#3935,#3158,#3159);
#2909=AXIS2_PLACEMENT_3D('',#3942,#3163,#3164);
#2910=AXIS2_PLACEMENT_3D('',#3949,#3168,#3169);
#2911=AXIS2_PLACEMENT_3D('',#3956,#3173,#3174);
#2912=AXIS2_PLACEMENT_3D('',#3959,#3177,#3178);
#2913=AXIS2_PLACEMENT_3D('',#3962,#3181,#3182);
#2914=AXIS2_PLACEMENT_3D('',#3965,#3185,#3186);
#2915=AXIS2_PLACEMENT_3D('',#3968,#3189,#3190);
#2916=AXIS2_PLACEMENT_3D('',#3971,#3193,#3194);
#2917=AXIS2_PLACEMENT_3D('',#3974,#3197,#3198);
#2918=AXIS2_PLACEMENT_3D('',#3977,#3201,#3202);
#2919=AXIS2_PLACEMENT_3D('',#3980,#3205,#3206);
#2920=AXIS2_PLACEMENT_3D('',#3981,#3207,#3208);
#2921=AXIS2_PLACEMENT_3D('',#3983,#3209,#3210);
#2922=AXIS2_PLACEMENT_3D('',#3984,#3211,#3212);
#2923=AXIS2_PLACEMENT_3D('',#3993,#3217,#3218);
#2924=AXIS2_PLACEMENT_3D('',#3994,#3219,#3220);
#2925=AXIS2_PLACEMENT_3D('',#3996,#3221,#3222);
#2926=AXIS2_PLACEMENT_3D('',#3997,#3223,#3224);
#2927=AXIS2_PLACEMENT_3D('',#3998,#3225,#3226);
#2928=AXIS2_PLACEMENT_3D('',#4002,#3228,#3229);
#2929=AXIS2_PLACEMENT_3D('',#4003,#3230,#3231);
#2930=AXIS2_PLACEMENT_3D('',#4005,#3232,#3233);
#2931=AXIS2_PLACEMENT_3D('',#4007,#3235,#3236);
#2932=AXIS2_PLACEMENT_3D('',#4012,#3238,#3239);
#2933=AXIS2_PLACEMENT_3D('',#4017,#3240,#3241);
#2934=AXIS2_PLACEMENT_3D('',#4018,#3242,#3243);
#2935=AXIS2_PLACEMENT_3D('',#4020,#3244,#3245);
#2936=AXIS2_PLACEMENT_3D('',#4023,#3247,#3248);
#2937=AXIS2_PLACEMENT_3D('',#4025,#3249,#3250);
#2938=AXIS2_PLACEMENT_3D('',#4026,#3251,#3252);
#2939=AXIS2_PLACEMENT_3D('',#4027,#3253,#3254);
#2940=AXIS2_PLACEMENT_3D('',#4031,#3256,#3257);
#2941=AXIS2_PLACEMENT_3D('',#4032,#3258,#3259);
#2942=AXIS2_PLACEMENT_3D('',#4034,#3260,#3261);
#2943=AXIS2_PLACEMENT_3D('',#4036,#3263,#3264);
#2944=AXIS2_PLACEMENT_3D('',#4041,#3266,#3267);
#2945=AXIS2_PLACEMENT_3D('',#4046,#3268,#3269);
#2946=AXIS2_PLACEMENT_3D('',#4047,#3270,#3271);
#2947=AXIS2_PLACEMENT_3D('',#4049,#3272,#3273);
#2948=AXIS2_PLACEMENT_3D('',#4052,#3275,#3276);
#2949=AXIS2_PLACEMENT_3D('',#4054,#3277,#3278);
#2950=AXIS2_PLACEMENT_3D('',#4055,#3279,#3280);
#2951=AXIS2_PLACEMENT_3D('',#4056,#3281,#3282);
#2952=AXIS2_PLACEMENT_3D('',#4061,#3284,#3285);
#2953=AXIS2_PLACEMENT_3D('',#4066,#3286,#3287);
#2954=AXIS2_PLACEMENT_3D('',#4067,#3288,#3289);
#2955=AXIS2_PLACEMENT_3D('',#4069,#3290,#3291);
#2956=AXIS2_PLACEMENT_3D('',#4072,#3293,#3294);
#2957=AXIS2_PLACEMENT_3D('',#4074,#3295,#3296);
#2958=AXIS2_PLACEMENT_3D('',#4075,#3297,#3298);
#2959=AXIS2_PLACEMENT_3D('',#4076,#3299,#3300);
#2960=AXIS2_PLACEMENT_3D('',#4080,#3302,#3303);
#2961=AXIS2_PLACEMENT_3D('',#4081,#3304,#3305);
#2962=AXIS2_PLACEMENT_3D('',#4083,#3306,#3307);
#2963=AXIS2_PLACEMENT_3D('',#4085,#3309,#3310);
#2964=AXIS2_PLACEMENT_3D('',#4089,#3312,#3313);
#2965=AXIS2_PLACEMENT_3D('',#4090,#3314,#3315);
#2966=AXIS2_PLACEMENT_3D('',#4092,#3316,#3317);
#2967=AXIS2_PLACEMENT_3D('',#4094,#3319,#3320);
#2968=AXIS2_PLACEMENT_3D('',#4099,#3322,#3323);
#2969=AXIS2_PLACEMENT_3D('',#4104,#3324,#3325);
#2970=AXIS2_PLACEMENT_3D('',#4105,#3326,#3327);
#2971=AXIS2_PLACEMENT_3D('',#4107,#3328,#3329);
#2972=AXIS2_PLACEMENT_3D('',#4110,#3331,#3332);
#2973=AXIS2_PLACEMENT_3D('',#4112,#3333,#3334);
#2974=AXIS2_PLACEMENT_3D('',#4113,#3335,#3336);
#2975=AXIS2_PLACEMENT_3D('',#4114,#3337,#3338);
#2976=AXIS2_PLACEMENT_3D('',#4125,#3344,#3345);
#2977=AXIS2_PLACEMENT_3D('',#4155,#3361,#3362);
#2978=AXIS2_PLACEMENT_3D('',#4189,#3381,#3382);
#2979=AXIS2_PLACEMENT_3D('',#4195,#3386,#3387);
#2980=AXIS2_PLACEMENT_3D('',#4201,#3391,#3392);
#2981=AXIS2_PLACEMENT_3D('',#4210,#3397,#3398);
#2982=AXIS2_PLACEMENT_3D('',#4214,#3401,#3402);
#2983=AXIS2_PLACEMENT_3D('',#4215,#3403,#3404);
#2984=AXIS2_PLACEMENT_3D('',#4224,#3409,#3410);
#2985=AXIS2_PLACEMENT_3D('',#4225,#3411,#3412);
#2986=AXIS2_PLACEMENT_3D('',#4234,#3417,#3418);
#2987=AXIS2_PLACEMENT_3D('',#4243,#3423,#3424);
#2988=AXIS2_PLACEMENT_3D('',#4244,#3425,#3426);
#2989=AXIS2_PLACEMENT_3D('',#4250,#3430,#3431);
#2990=AXIS2_PLACEMENT_3D('',#4251,#3432,#3433);
#2991=AXIS2_PLACEMENT_3D('',#4261,#3438,#3439);
#2992=AXIS2_PLACEMENT_3D('',#4262,#3440,#3441);
#2993=AXIS2_PLACEMENT_3D('',#4267,#3444,#3445);
#2994=AXIS2_PLACEMENT_3D('',#4268,#3446,#3447);
#2995=AXIS2_PLACEMENT_3D('',#4273,#3450,#3451);
#2996=AXIS2_PLACEMENT_3D('',#4274,#3452,#3453);
#2997=AXIS2_PLACEMENT_3D('',#4284,#3458,#3459);
#2998=AXIS2_PLACEMENT_3D('',#4285,#3460,#3461);
#2999=AXIS2_PLACEMENT_3D('',#4288,#3463,#3464);
#3000=AXIS2_PLACEMENT_3D('',#4290,#3465,#3466);
#3001=AXIS2_PLACEMENT_3D('',#4291,#3467,#3468);
#3002=AXIS2_PLACEMENT_3D('',#4292,#3469,#3470);
#3003=AXIS2_PLACEMENT_3D('',#4294,#3471,#3472);
#3004=AXIS2_PLACEMENT_3D('',#4296,#3473,#3474);
#3005=AXIS2_PLACEMENT_3D('',#4298,#3476,#3477);
#3006=AXIS2_PLACEMENT_3D('',#4299,#3478,#3479);
#3007=AXIS2_PLACEMENT_3D('',#4301,#3481,#3482);
#3008=AXIS2_PLACEMENT_3D('',#4310,#3488,#3489);
#3009=AXIS2_PLACEMENT_3D('',#4319,#3495,#3496);
#3010=AXIS2_PLACEMENT_3D('',#4321,#3498,#3499);
#3011=AXIS2_PLACEMENT_3D('',#4327,#3503,#3504);
#3012=AXIS2_PLACEMENT_3D('',#4330,#3507,#3508);
#3013=AXIS2_PLACEMENT_3D('',#4332,#3510,#3511);
#3014=AXIS2_PLACEMENT_3D('',#4334,#3513,#3514);
#3015=AXIS2_PLACEMENT_3D('',#4336,#3516,#3517);
#3016=AXIS2_PLACEMENT_3D('',#4366,#3535,#3536);
#3017=AXIS2_PLACEMENT_3D('',#4375,#3541,#3542);
#3018=AXIS2_PLACEMENT_3D('',#4384,#3547,#3548);
#3019=AXIS2_PLACEMENT_3D('',#4393,#3553,#3554);
#3020=AXIS2_PLACEMENT_3D('',#4402,#3559,#3560);
#3021=AXIS2_PLACEMENT_3D('',#4410,#3565,#3566);
#3022=AXIS2_PLACEMENT_3D('',#4414,#3569,#3570);
#3023=AXIS2_PLACEMENT_3D('',#4422,#3575,#3576);
#3024=AXIS2_PLACEMENT_3D('',#4426,#3579,#3580);
#3025=AXIS2_PLACEMENT_3D('',#4434,#3585,#3586);
#3026=AXIS2_PLACEMENT_3D('',#4438,#3589,#3590);
#3027=AXIS2_PLACEMENT_3D('',#4446,#3595,#3596);
#3028=AXIS2_PLACEMENT_3D('',#4450,#3599,#3600);
#3029=AXIS2_PLACEMENT_3D('',#4455,#3604,#3605);
#3030=AXIS2_PLACEMENT_3D('',#4459,#3608,#3609);
#3031=AXIS2_PLACEMENT_3D('',#4462,#3612,#3613);
#3032=AXIS2_PLACEMENT_3D('',#4467,#3617,#3618);
#3033=AXIS2_PLACEMENT_3D('',#4471,#3621,#3622);
#3034=AXIS2_PLACEMENT_3D('',#4474,#3625,#3626);
#3035=AXIS2_PLACEMENT_3D('',#4478,#3630,#3631);
#3036=AXIS2_PLACEMENT_3D('',#4484,#3635,#3636);
#3037=AXIS2_PLACEMENT_3D('',#4487,#3639,#3640);
#3038=AXIS2_PLACEMENT_3D('',#4489,#3641,#3642);
#3039=AXIS2_PLACEMENT_3D('',#4490,#3643,#3644);
#3040=AXIS2_PLACEMENT_3D('',#4491,#3645,#3646);
#3041=AXIS2_PLACEMENT_3D('',#4500,#3651,#3652);
#3042=AXIS2_PLACEMENT_3D('',#4506,#3656,#3657);
#3043=AXIS2_PLACEMENT_3D('',#4512,#3661,#3662);
#3044=AXIS2_PLACEMENT_3D('',#4515,#3665,#3666);
#3045=AXIS2_PLACEMENT_3D('',#4517,#3667,#3668);
#3046=AXIS2_PLACEMENT_3D('',#4518,#3669,#3670);
#3047=AXIS2_PLACEMENT_3D('',#4519,#3671,#3672);
#3048=AXIS2_PLACEMENT_3D('',#4525,#3676,#3677);
#3049=AXIS2_PLACEMENT_3D('',#4528,#3680,#3681);
#3050=AXIS2_PLACEMENT_3D('',#4530,#3682,#3683);
#3051=AXIS2_PLACEMENT_3D('',#4531,#3684,#3685);
#3052=AXIS2_PLACEMENT_3D('',#4532,#3686,#3687);
#3053=AXIS2_PLACEMENT_3D('',#4541,#3692,#3693);
#3054=AXIS2_PLACEMENT_3D('',#4547,#3697,#3698);
#3055=AXIS2_PLACEMENT_3D('',#4553,#3702,#3703);
#3056=AXIS2_PLACEMENT_3D('',#4556,#3706,#3707);
#3057=AXIS2_PLACEMENT_3D('',#4558,#3708,#3709);
#3058=AXIS2_PLACEMENT_3D('',#4559,#3710,#3711);
#3059=AXIS2_PLACEMENT_3D('',#4560,#3712,#3713);
#3060=AXIS2_PLACEMENT_3D('',#4569,#3718,#3719);
#3061=AXIS2_PLACEMENT_3D('',#4575,#3723,#3724);
#3062=AXIS2_PLACEMENT_3D('',#4581,#3728,#3729);
#3063=AXIS2_PLACEMENT_3D('',#4584,#3732,#3733);
#3064=AXIS2_PLACEMENT_3D('',#4586,#3734,#3735);
#3065=AXIS2_PLACEMENT_3D('',#4587,#3736,#3737);
#3066=AXIS2_PLACEMENT_3D('',#4588,#3738,#3739);
#3067=AXIS2_PLACEMENT_3D('',#4594,#3743,#3744);
#3068=AXIS2_PLACEMENT_3D('',#4597,#3747,#3748);
#3069=AXIS2_PLACEMENT_3D('',#4599,#3749,#3750);
#3070=AXIS2_PLACEMENT_3D('',#4600,#3751,#3752);
#3071=AXIS2_PLACEMENT_3D('',#4601,#3753,#3754);
#3072=AXIS2_PLACEMENT_3D('',#4610,#3759,#3760);
#3073=AXIS2_PLACEMENT_3D('',#4616,#3764,#3765);
#3074=AXIS2_PLACEMENT_3D('',#4622,#3769,#3770);
#3075=AXIS2_PLACEMENT_3D('',#4625,#3773,#3774);
#3076=AXIS2_PLACEMENT_3D('',#4627,#3775,#3776);
#3077=AXIS2_PLACEMENT_3D('',#4628,#3777,#3778);
#3078=AXIS2_PLACEMENT_3D('',#4629,#3779,#3780);
#3079=AXIS2_PLACEMENT_3D('',#4635,#3784,#3785);
#3080=AXIS2_PLACEMENT_3D('',#4638,#3788,#3789);
#3081=AXIS2_PLACEMENT_3D('',#4640,#3790,#3791);
#3082=AXIS2_PLACEMENT_3D('',#4641,#3792,#3793);
#3083=AXIS2_PLACEMENT_3D('',#4642,#3794,#3795);
#3084=AXIS2_PLACEMENT_3D('',#4644,#3797,#3798);
#3085=AXIS2_PLACEMENT_3D('',#4648,#3801,#3802);
#3086=AXIS2_PLACEMENT_3D('',#4652,#3805,#3806);
#3087=AXIS2_PLACEMENT_3D('',#4656,#3809,#3810);
#3088=AXIS2_PLACEMENT_3D('',#4660,#3813,#3814);
#3089=AXIS2_PLACEMENT_3D('',#4664,#3817,#3818);
#3090=AXIS2_PLACEMENT_3D('',#4666,#3820,#3821);
#3091=AXIS2_PLACEMENT_3D('',#4670,#3824,#3825);
#3092=AXIS2_PLACEMENT_3D('',#4674,#3828,#3829);
#3093=AXIS2_PLACEMENT_3D('',#4676,#3831,#3832);
#3094=AXIS2_PLACEMENT_3D('',#4677,#3833,#3834);
#3095=AXIS2_PLACEMENT_3D('',#4679,#3836,#3837);
#3096=AXIS2_PLACEMENT_3D('',#4681,#3839,#3840);
#3097=AXIS2_PLACEMENT_3D('',#4683,#3842,#3843);
#3098=AXIS2_PLACEMENT_3D('',#4685,#3845,#3846);
#3099=AXIS2_PLACEMENT_3D('',#4687,#3848,#3849);
#3100=AXIS2_PLACEMENT_3D('',#4689,#3851,#3852);
#3101=AXIS2_PLACEMENT_3D('',#4691,#3854,#3855);
#3102=AXIS2_PLACEMENT_3D('',#4693,#3857,#3858);
#3103=AXIS2_PLACEMENT_3D('',#4694,#3859,#3860);
#3104=AXIS2_PLACEMENT_3D('',#4696,#3862,#3863);
#3105=AXIS2_PLACEMENT_3D('',#4697,#3864,#3865);
#3106=AXIS2_PLACEMENT_3D('',#4699,#3867,#3868);
#3107=AXIS2_PLACEMENT_3D('',#4700,#3869,#3870);
#3108=AXIS2_PLACEMENT_3D('',#4702,#3872,#3873);
#3109=AXIS2_PLACEMENT_3D('',#4703,#3874,#3875);
#3110=AXIS2_PLACEMENT_3D('',#4705,#3877,#3878);
#3111=AXIS2_PLACEMENT_3D('',#4706,#3879,#3880);
#3112=AXIS2_PLACEMENT_3D('',#4707,#3881,#3882);
#3113=AXIS2_PLACEMENT_3D('',#4708,#3883,#3884);
#3114=AXIS2_PLACEMENT_3D('',#4709,#3885,#3886);
#3115=DIRECTION('axis',(0.,0.,1.));
#3116=DIRECTION('refdir',(1.,0.,0.));
#3117=DIRECTION('center_axis',(-0.577350269189624,1.50192728232814E-15,
-0.816496580927727));
#3118=DIRECTION('ref_axis',(-0.816496580927727,0.,0.577350269189624));
#3119=DIRECTION('',(0.707106781186548,-0.499999999999996,-0.500000000000002));
#3120=DIRECTION('',(-0.707106781186546,-0.500000000000006,0.499999999999996));
#3121=DIRECTION('',(-6.28036983473511E-15,1.,6.28036983473511E-15));
#3122=DIRECTION('center_axis',(0.577350269189629,3.41356862145808E-14,-0.816496580927724));
#3123=DIRECTION('ref_axis',(-0.816496580927724,0.,-0.577350269189629));
#3124=DIRECTION('',(0.707106781186533,0.500000000000005,0.500000000000015));
#3125=DIRECTION('',(5.02429586778809E-14,-1.,-6.28036983473511E-15));
#3126=DIRECTION('',(-0.707106781186558,0.499999999999994,-0.499999999999991));
#3127=DIRECTION('center_axis',(0.,6.28036983473511E-15,-1.));
#3128=DIRECTION('ref_axis',(-1.,0.,0.));
#3129=DIRECTION('',(-1.,0.,0.));
#3130=DIRECTION('',(1.,0.,0.));
#3131=DIRECTION('center_axis',(-0.860522660194795,0.470635470535493,0.194943594829652));
#3132=DIRECTION('ref_axis',(0.2209423826904,0.,0.975286862174965));
#3133=DIRECTION('',(0.,-0.382683432365089,0.923879532511287));
#3134=DIRECTION('',(0.499999999999995,0.853553390593276,0.14644660940673));
#3135=DIRECTION('',(-0.499999999999998,-0.70710678118655,-0.499999999999999));
#3136=DIRECTION('center_axis',(-0.70710678118655,0.499999999999999,-0.499999999999997));
#3137=DIRECTION('ref_axis',(-0.577350269189622,0.,0.816496580927728));
#3138=DIRECTION('',(-1.41195364989548E-16,0.707106781186546,0.707106781186549));
#3139=DIRECTION('',(1.41195364989548E-16,-0.707106781186546,-0.707106781186549));
#3140=DIRECTION('center_axis',(-0.573302186256018,-0.756975158957758,-0.313549377219835));
#3141=DIRECTION('ref_axis',(-0.479841491130335,0.,0.87735519796136));
#3142=DIRECTION('',(-0.653281482438188,0.191341716182542,0.732537816328743));
#3143=DIRECTION('',(6.0084837121965E-16,0.382683432365091,-0.923879532511286));
#3144=DIRECTION('',(0.653281482438189,-0.653281482438189,0.382683432365088));
#3145=DIRECTION('center_axis',(0.860522660194791,0.470635470535519,0.194943594829611));
#3146=DIRECTION('ref_axis',(0.220942382690357,0.,-0.975286862174975));
#3147=DIRECTION('',(-0.499999999999998,0.70710678118655,0.499999999999999));
#3148=DIRECTION('',(0.500000000000011,-0.853553390593267,-0.146446609406727));
#3149=DIRECTION('',(-4.64184411753047E-14,0.382683432365089,-0.923879532511287));
#3150=DIRECTION('center_axis',(0.707106781186537,0.500000000000009,-0.500000000000007));
#3151=DIRECTION('ref_axis',(-0.577350269189637,0.,-0.816496580927718));
#3152=DIRECTION('',(0.,-0.707106781186546,-0.707106781186549));
#3153=DIRECTION('',(0.,0.707106781186546,0.707106781186549));
#3154=DIRECTION('center_axis',(0.,0.923879532511287,0.382683432365089));
#3155=DIRECTION('ref_axis',(0.,-0.382683432365089,0.923879532511287));
#3156=DIRECTION('',(1.,0.,0.));
#3157=DIRECTION('',(-1.,0.,0.));
#3158=DIRECTION('center_axis',(0.573302186256027,-0.756975158957757,-0.313549377219822));
#3159=DIRECTION('ref_axis',(-0.479841491130315,0.,-0.877355197961371));
#3160=DIRECTION('',(-0.653281482438173,-0.191341716182544,-0.732537816328756));
#3161=DIRECTION('',(0.653281482438188,0.65328148243819,-0.382683432365087));
#3162=DIRECTION('',(-1.92271478790288E-14,-0.382683432365091,0.923879532511286));
#3163=DIRECTION('center_axis',(-0.577350269189626,-0.577350269189627,0.577350269189624));
#3164=DIRECTION('ref_axis',(0.707106781186547,0.,0.707106781186548));
#3165=DIRECTION('',(-0.707106781186547,0.707106781186548,0.));
#3166=DIRECTION('',(3.14018491736755E-15,-0.707106781186547,-0.707106781186548));
#3167=DIRECTION('',(0.707106781186547,0.,0.707106781186548));
#3168=DIRECTION('center_axis',(0.577350269189627,-0.577350269189625,0.577350269189625));
#3169=DIRECTION('ref_axis',(0.707106781186546,0.,-0.707106781186549));
#3170=DIRECTION('',(0.707106781186546,7.85046229341889E-16,-0.707106781186549));
#3171=DIRECTION('',(0.,0.707106781186547,0.707106781186548));
#3172=DIRECTION('',(-0.707106781186546,-0.707106781186549,0.));
#3173=DIRECTION('center_axis',(2.35572761993065E-17,-0.707106781186548,
0.707106781186547));
#3174=DIRECTION('ref_axis',(1.,0.,-3.33150194936281E-17));
#3175=DIRECTION('',(1.,3.33150194936281E-17,0.));
#3176=DIRECTION('',(-1.,-3.33150194936281E-17,0.));
#3177=DIRECTION('center_axis',(0.707106781186549,-0.707106781186546,0.));
#3178=DIRECTION('ref_axis',(0.,0.,-1.));
#3179=DIRECTION('',(0.,0.,-1.));
#3180=DIRECTION('',(0.,0.,1.));
#3181=DIRECTION('center_axis',(0.707106781186549,0.,0.707106781186546));
#3182=DIRECTION('ref_axis',(0.707106781186546,0.,-0.707106781186549));
#3183=DIRECTION('',(0.,1.,0.));
#3184=DIRECTION('',(0.,-1.,0.));
#3185=DIRECTION('center_axis',(-0.707106781186548,-1.41195364989548E-16,
0.707106781186547));
#3186=DIRECTION('ref_axis',(0.707106781186547,0.,0.707106781186548));
#3187=DIRECTION('',(1.99680400112438E-16,-1.,0.));
#3188=DIRECTION('',(-1.99680400112438E-16,1.,0.));
#3189=DIRECTION('center_axis',(-0.707106781186548,-0.707106781186547,0.));
#3190=DIRECTION('ref_axis',(0.,0.,1.));
#3191=DIRECTION('',(0.,0.,1.));
#3192=DIRECTION('',(0.,0.,-1.));
#3193=DIRECTION('center_axis',(1.8029958626246E-17,-0.923879532511286,-0.382683432365091));
#3194=DIRECTION('ref_axis',(0.,0.382683432365091,-0.923879532511286));
#3195=DIRECTION('',(-1.,-3.33150194936281E-17,3.3315019493628E-17));
#3196=DIRECTION('',(1.,3.33150194936281E-17,-3.3315019493628E-17));
#3197=DIRECTION('center_axis',(0.707106781186561,-0.499999999999989,-0.499999999999991));
#3198=DIRECTION('ref_axis',(-0.577350269189612,0.,-0.816496580927736));
#3199=DIRECTION('',(0.,0.707106781186549,-0.707106781186546));
#3200=DIRECTION('',(0.,-0.707106781186549,0.707106781186546));
#3201=DIRECTION('center_axis',(-0.707106781186548,-0.499999999999999,-0.500000000000001));
#3202=DIRECTION('ref_axis',(-0.577350269189626,0.,0.816496580927726));
#3203=DIRECTION('',(-1.41195364989548E-16,0.707106781186549,-0.707106781186546));
#3204=DIRECTION('',(1.41195364989548E-16,-0.707106781186549,0.707106781186546));
#3205=DIRECTION('center_axis',(0.,0.707106781186549,-0.707106781186546));
#3206=DIRECTION('ref_axis',(0.,-0.707106781186546,-0.707106781186549));
#3207=DIRECTION('center_axis',(-1.,-1.99680400112438E-16,0.));
#3208=DIRECTION('ref_axis',(1.99680400112438E-16,-1.,0.));
#3209=DIRECTION('center_axis',(-1.,-1.99680400112438E-16,0.));
#3210=DIRECTION('ref_axis',(0.,1.,0.));
#3211=DIRECTION('center_axis',(0.,0.,1.));
#3212=DIRECTION('ref_axis',(1.,0.,0.));
#3213=DIRECTION('',(1.,3.46133444933798E-17,0.));
#3214=DIRECTION('',(2.4955671057912E-16,-1.,0.));
#3215=DIRECTION('',(-1.,0.,0.));
#3216=DIRECTION('',(0.,1.,0.));
#3217=DIRECTION('center_axis',(3.33150194936281E-17,-1.,0.));
#3218=DIRECTION('ref_axis',(1.,3.33150194936281E-17,0.));
#3219=DIRECTION('center_axis',(1.,0.,0.));
#3220=DIRECTION('ref_axis',(0.,1.,0.));
#3221=DIRECTION('center_axis',(1.,0.,0.));
#3222=DIRECTION('ref_axis',(0.,1.,0.));
#3223=DIRECTION('center_axis',(0.,0.707106781186546,0.707106781186549));
#3224=DIRECTION('ref_axis',(0.,-0.707106781186549,0.707106781186546));
#3225=DIRECTION('center_axis',(0.,0.,1.));
#3226=DIRECTION('ref_axis',(-1.,0.,0.));
#3227=DIRECTION('',(0.707106781186547,-8.65956056235493E-17,0.707106781186548));
#3228=DIRECTION('center_axis',(0.,0.,1.));
#3229=DIRECTION('ref_axis',(-1.,0.,0.));
#3230=DIRECTION('center_axis',(0.,0.,-1.));
#3231=DIRECTION('ref_axis',(-1.,0.,0.));
#3232=DIRECTION('center_axis',(0.,0.,1.));
#3233=DIRECTION('ref_axis',(-1.,0.,0.));
#3234=DIRECTION('',(0.,0.,-1.));
#3235=DIRECTION('center_axis',(0.,0.,1.));
#3236=DIRECTION('ref_axis',(-1.,0.,0.));
#3237=DIRECTION('',(0.707106781186547,-8.65956056235493E-17,0.707106781186548));
#3238=DIRECTION('center_axis',(0.,0.,1.));
#3239=DIRECTION('ref_axis',(-1.,0.,0.));
#3240=DIRECTION('center_axis',(0.,0.,1.));
#3241=DIRECTION('ref_axis',(-1.,0.,0.));
#3242=DIRECTION('center_axis',(0.,0.,-1.));
#3243=DIRECTION('ref_axis',(-1.,0.,0.));
#3244=DIRECTION('center_axis',(0.,0.,1.));
#3245=DIRECTION('ref_axis',(-1.,0.,0.));
#3246=DIRECTION('',(0.,0.,-1.));
#3247=DIRECTION('center_axis',(0.,-0.707106781186546,-0.707106781186549));
#3248=DIRECTION('ref_axis',(0.,0.707106781186549,-0.707106781186546));
#3249=DIRECTION('center_axis',(0.,-2.46519032881566E-32,1.));
#3250=DIRECTION('ref_axis',(1.,0.,0.));
#3251=DIRECTION('center_axis',(0.,-0.707106781186546,-0.707106781186549));
#3252=DIRECTION('ref_axis',(0.,0.707106781186549,-0.707106781186546));
#3253=DIRECTION('center_axis',(0.,0.,1.));
#3254=DIRECTION('ref_axis',(-1.,0.,0.));
#3255=DIRECTION('',(0.707106781186546,-8.65956056235491E-17,0.707106781186549));
#3256=DIRECTION('center_axis',(0.,0.,1.));
#3257=DIRECTION('ref_axis',(-1.,0.,0.));
#3258=DIRECTION('center_axis',(0.,0.,-1.));
#3259=DIRECTION('ref_axis',(-1.,0.,0.));
#3260=DIRECTION('center_axis',(0.,0.,1.));
#3261=DIRECTION('ref_axis',(-1.,0.,0.));
#3262=DIRECTION('',(0.,0.,-1.));
#3263=DIRECTION('center_axis',(0.,0.,1.));
#3264=DIRECTION('ref_axis',(-1.,0.,0.));
#3265=DIRECTION('',(0.707106781186546,-8.65956056235491E-17,0.707106781186549));
#3266=DIRECTION('center_axis',(0.,0.,1.));
#3267=DIRECTION('ref_axis',(-1.,0.,0.));
#3268=DIRECTION('center_axis',(0.,0.,1.));
#3269=DIRECTION('ref_axis',(-1.,0.,0.));
#3270=DIRECTION('center_axis',(0.,0.,-1.));
#3271=DIRECTION('ref_axis',(-1.,0.,0.));
#3272=DIRECTION('center_axis',(0.,0.,1.));
#3273=DIRECTION('ref_axis',(-1.,0.,0.));
#3274=DIRECTION('',(0.,0.,-1.));
#3275=DIRECTION('center_axis',(0.,-0.707106781186546,-0.707106781186549));
#3276=DIRECTION('ref_axis',(0.,0.707106781186549,-0.707106781186546));
#3277=DIRECTION('center_axis',(0.,0.,1.));
#3278=DIRECTION('ref_axis',(1.,0.,0.));
#3279=DIRECTION('center_axis',(0.,-0.707106781186546,-0.707106781186549));
#3280=DIRECTION('ref_axis',(0.,0.707106781186549,-0.707106781186546));
#3281=DIRECTION('center_axis',(0.,0.,1.));
#3282=DIRECTION('ref_axis',(-1.,0.,0.));
#3283=DIRECTION('',(0.707106781186546,-8.65956056235491E-17,0.707106781186549));
#3284=DIRECTION('center_axis',(0.,0.,1.));
#3285=DIRECTION('ref_axis',(-1.,0.,0.));
#3286=DIRECTION('center_axis',(0.,0.,1.));
#3287=DIRECTION('ref_axis',(-1.,0.,0.));
#3288=DIRECTION('center_axis',(0.,0.,-1.));
#3289=DIRECTION('ref_axis',(-1.,0.,0.));
#3290=DIRECTION('center_axis',(0.,0.,1.));
#3291=DIRECTION('ref_axis',(-1.,0.,0.));
#3292=DIRECTION('',(0.,0.,-1.));
#3293=DIRECTION('center_axis',(0.,-0.707106781186546,-0.707106781186549));
#3294=DIRECTION('ref_axis',(0.,0.707106781186549,-0.707106781186546));
#3295=DIRECTION('center_axis',(0.,0.,1.));
#3296=DIRECTION('ref_axis',(1.,0.,0.));
#3297=DIRECTION('center_axis',(0.,-0.707106781186546,-0.707106781186549));
#3298=DIRECTION('ref_axis',(0.,0.707106781186549,-0.707106781186546));
#3299=DIRECTION('center_axis',(0.,0.,1.));
#3300=DIRECTION('ref_axis',(-1.,0.,0.));
#3301=DIRECTION('',(0.707106781186546,-8.65956056235491E-17,0.707106781186549));
#3302=DIRECTION('center_axis',(0.,0.,1.));
#3303=DIRECTION('ref_axis',(-1.,0.,0.));
#3304=DIRECTION('center_axis',(0.,0.,-1.));
#3305=DIRECTION('ref_axis',(-1.,0.,0.));
#3306=DIRECTION('center_axis',(0.,0.,1.));
#3307=DIRECTION('ref_axis',(-1.,0.,0.));
#3308=DIRECTION('',(0.,0.,-1.));
#3309=DIRECTION('center_axis',(0.,0.,1.));
#3310=DIRECTION('ref_axis',(-1.,0.,0.));
#3311=DIRECTION('',(0.707106781186546,-8.65956056235491E-17,0.707106781186549));
#3312=DIRECTION('center_axis',(0.,0.,1.));
#3313=DIRECTION('ref_axis',(-1.,0.,0.));
#3314=DIRECTION('center_axis',(0.,0.,-1.));
#3315=DIRECTION('ref_axis',(-1.,0.,0.));
#3316=DIRECTION('center_axis',(0.,0.,1.));
#3317=DIRECTION('ref_axis',(-1.,0.,0.));
#3318=DIRECTION('',(0.,0.,-1.));
#3319=DIRECTION('center_axis',(0.,0.,1.));
#3320=DIRECTION('ref_axis',(-1.,0.,0.));
#3321=DIRECTION('',(0.707106781186546,-8.65956056235491E-17,0.707106781186549));
#3322=DIRECTION('center_axis',(0.,0.,1.));
#3323=DIRECTION('ref_axis',(-1.,0.,0.));
#3324=DIRECTION('center_axis',(0.,0.,1.));
#3325=DIRECTION('ref_axis',(-1.,0.,0.));
#3326=DIRECTION('center_axis',(0.,0.,-1.));
#3327=DIRECTION('ref_axis',(-1.,0.,0.));
#3328=DIRECTION('center_axis',(0.,0.,1.));
#3329=DIRECTION('ref_axis',(-1.,0.,0.));
#3330=DIRECTION('',(0.,0.,-1.));
#3331=DIRECTION('center_axis',(0.,-0.707106781186546,-0.707106781186549));
#3332=DIRECTION('ref_axis',(0.,0.707106781186549,-0.707106781186546));
#3333=DIRECTION('center_axis',(0.,0.,1.));
#3334=DIRECTION('ref_axis',(1.,0.,0.));
#3335=DIRECTION('center_axis',(0.,-0.707106781186546,-0.707106781186549));
#3336=DIRECTION('ref_axis',(0.,0.707106781186549,-0.707106781186546));
#3337=DIRECTION('center_axis',(1.,0.,0.));
#3338=DIRECTION('ref_axis',(0.,-1.,0.));
#3339=DIRECTION('',(0.,-0.707106781186547,-0.707106781186548));
#3340=DIRECTION('',(0.,0.,-1.));
#3341=DIRECTION('',(0.,1.,0.));
#3342=DIRECTION('',(0.,0.,-1.));
#3343=DIRECTION('',(0.,-1.,0.));
#3344=DIRECTION('center_axis',(0.,-1.,0.));
#3345=DIRECTION('ref_axis',(1.,0.,0.));
#3346=DIRECTION('',(1.,0.,0.));
#3347=DIRECTION('',(0.,0.,-1.));
#3348=DIRECTION('',(-1.,0.,0.));
#3349=DIRECTION('',(0.,0.,1.));
#3350=DIRECTION('',(1.,0.,0.));
#3351=DIRECTION('',(0.,0.,1.));
#3352=DIRECTION('',(-1.,0.,0.));
#3353=DIRECTION('',(0.,0.,-1.));
#3354=DIRECTION('',(1.,0.,0.));
#3355=DIRECTION('',(0.,0.,-1.));
#3356=DIRECTION('',(-1.,0.,0.));
#3357=DIRECTION('',(0.,0.,-1.));
#3358=DIRECTION('',(1.,0.,0.));
#3359=DIRECTION('',(0.,0.,-1.));
#3360=DIRECTION('',(-1.,0.,0.));
#3361=DIRECTION('center_axis',(0.,0.707106781186548,-0.707106781186547));
#3362=DIRECTION('ref_axis',(0.,-0.707106781186547,-0.707106781186548));
#3363=DIRECTION('',(-1.,0.,0.));
#3364=DIRECTION('',(0.,0.707106781186547,0.707106781186548));
#3365=DIRECTION('',(0.,-0.707106781186547,-0.707106781186548));
#3366=DIRECTION('',(-1.,0.,0.));
#3367=DIRECTION('',(0.,0.707106781186547,0.707106781186548));
#3368=DIRECTION('',(4.04663004815406E-16,-0.707106781186547,-0.707106781186548));
#3369=DIRECTION('',(-1.,0.,0.));
#3370=DIRECTION('',(5.58255096420898E-16,-0.707106781186547,-0.707106781186548));
#3371=DIRECTION('',(5.58255096420898E-16,-0.707106781186547,-0.707106781186548));
#3372=DIRECTION('',(1.,0.,0.));
#3373=DIRECTION('',(0.,0.707106781186547,0.707106781186548));
#3374=DIRECTION('',(0.,0.707106781186547,0.707106781186548));
#3375=DIRECTION('',(-1.,0.,0.));
#3376=DIRECTION('',(0.,0.707106781186547,0.707106781186548));
#3377=DIRECTION('',(0.,-0.707106781186547,-0.707106781186548));
#3378=DIRECTION('',(-1.,0.,0.));
#3379=DIRECTION('',(0.,0.707106781186547,0.707106781186548));
#3380=DIRECTION('',(1.,0.,0.));
#3381=DIRECTION('center_axis',(1.,0.,0.));
#3382=DIRECTION('ref_axis',(0.,-1.,0.));
#3383=DIRECTION('',(0.,1.,0.));
#3384=DIRECTION('',(0.,0.,-1.));
#3385=DIRECTION('',(0.,-1.,0.));
#3386=DIRECTION('center_axis',(1.,5.55111512312578E-16,0.));
#3387=DIRECTION('ref_axis',(5.55111512312578E-16,-1.,0.));
#3388=DIRECTION('',(0.,1.,0.));
#3389=DIRECTION('',(0.,0.,-1.));
#3390=DIRECTION('',(5.72279909600596E-16,-1.,0.));
#3391=DIRECTION('center_axis',(0.707106781186551,5.582550964209E-16,0.707106781186544));
#3392=DIRECTION('ref_axis',(0.707106781186544,0.,-0.707106781186551));
#3393=DIRECTION('',(0.707106781186544,0.,-0.707106781186551));
#3394=DIRECTION('',(2.4955671057912E-16,-1.,0.));
#3395=DIRECTION('',(-0.707106781186544,0.,0.707106781186551));
#3396=DIRECTION('',(-7.89491928622334E-16,1.,0.));
#3397=DIRECTION('center_axis',(0.,0.,-1.));
#3398=DIRECTION('ref_axis',(-1.,0.,0.));
#3399=DIRECTION('',(-1.,0.,0.));
#3400=DIRECTION('',(2.4955671057912E-16,-1.,0.));
#3401=DIRECTION('center_axis',(0.,0.,-1.));
#3402=DIRECTION('ref_axis',(-1.,0.,0.));
#3403=DIRECTION('center_axis',(0.,0.,-1.));
#3404=DIRECTION('ref_axis',(-1.,0.,0.));
#3405=DIRECTION('',(1.,0.,0.));
#3406=DIRECTION('',(2.4955671057912E-16,-1.,0.));
#3407=DIRECTION('',(1.,3.46133444933798E-17,0.));
#3408=DIRECTION('',(-3.33066907387547E-16,-1.,0.));
#3409=DIRECTION('center_axis',(0.,0.,-1.));
#3410=DIRECTION('ref_axis',(-1.,0.,0.));
#3411=DIRECTION('center_axis',(-0.707106781186534,5.58255096420888E-16,
0.707106781186561));
#3412=DIRECTION('ref_axis',(0.707106781186561,0.,0.707106781186534));
#3413=DIRECTION('',(-0.707106781186561,-3.14018491736761E-16,-0.707106781186534));
#3414=DIRECTION('',(0.,1.,0.));
#3415=DIRECTION('',(0.707106781186561,0.,0.707106781186534));
#3416=DIRECTION('',(-7.89491928622334E-16,-1.,0.));
#3417=DIRECTION('center_axis',(0.,0.,-1.));
#3418=DIRECTION('ref_axis',(-1.,0.,0.));
#3419=DIRECTION('',(1.,4.44089209850063E-16,0.));
#3420=DIRECTION('',(0.,-1.,0.));
#3421=DIRECTION('',(1.,3.46133444933798E-17,0.));
#3422=DIRECTION('',(0.,1.,0.));
#3423=DIRECTION('center_axis',(0.,0.,-1.));
#3424=DIRECTION('ref_axis',(-1.,0.,0.));
#3425=DIRECTION('center_axis',(0.,0.,-1.));
#3426=DIRECTION('ref_axis',(-1.,0.,0.));
#3427=DIRECTION('',(-1.,0.,0.));
#3428=DIRECTION('',(0.,1.,0.));
#3429=DIRECTION('',(0.,1.,0.));
#3430=DIRECTION('center_axis',(0.,0.,-1.));
#3431=DIRECTION('ref_axis',(-1.,0.,0.));
#3432=DIRECTION('center_axis',(0.,0.,-1.));
#3433=DIRECTION('ref_axis',(-1.,0.,0.));
#3434=DIRECTION('',(0.,-1.,0.));
#3435=DIRECTION('',(1.,3.46133444933798E-17,0.));
#3436=DIRECTION('',(0.,-1.,0.));
#3437=DIRECTION('',(1.,8.88178419700125E-16,0.));
#3438=DIRECTION('center_axis',(0.,0.,-1.));
#3439=DIRECTION('ref_axis',(-1.,0.,0.));
#3440=DIRECTION('center_axis',(0.,0.,-1.));
#3441=DIRECTION('ref_axis',(-1.,0.,0.));
#3442=DIRECTION('',(0.,1.,0.));
#3443=DIRECTION('',(-1.,0.,0.));
#3444=DIRECTION('center_axis',(0.,0.,-1.));
#3445=DIRECTION('ref_axis',(-1.,0.,0.));
#3446=DIRECTION('center_axis',(0.,0.,-1.));
#3447=DIRECTION('ref_axis',(-1.,0.,0.));
#3448=DIRECTION('',(0.,1.,0.));
#3449=DIRECTION('',(-1.,0.,0.));
#3450=DIRECTION('center_axis',(0.,0.,-1.));
#3451=DIRECTION('ref_axis',(-1.,0.,0.));
#3452=DIRECTION('center_axis',(0.,0.,-1.));
#3453=DIRECTION('ref_axis',(-1.,0.,0.));
#3454=DIRECTION('',(0.,-1.,0.));
#3455=DIRECTION('',(1.,3.46133444933798E-17,0.));
#3456=DIRECTION('',(3.5527136788005E-15,-1.,0.));
#3457=DIRECTION('',(1.,-4.44089209850062E-16,0.));
#3458=DIRECTION('center_axis',(0.,0.,-1.));
#3459=DIRECTION('ref_axis',(-1.,0.,0.));
#3460=DIRECTION('center_axis',(-1.,0.,0.));
#3461=DIRECTION('ref_axis',(0.,1.,0.));
#3462=DIRECTION('',(-1.,0.,0.));
#3463=DIRECTION('center_axis',(1.,-7.89491928622334E-16,0.));
#3464=DIRECTION('ref_axis',(0.,1.,0.));
#3465=DIRECTION('center_axis',(1.,-7.89491928622334E-16,0.));
#3466=DIRECTION('ref_axis',(0.,1.,0.));
#3467=DIRECTION('center_axis',(1.,-7.89491928622334E-16,0.));
#3468=DIRECTION('ref_axis',(0.,1.,0.));
#3469=DIRECTION('center_axis',(-1.,0.,0.));
#3470=DIRECTION('ref_axis',(0.,1.,0.));
#3471=DIRECTION('center_axis',(-1.,-7.89491928622333E-16,0.));
#3472=DIRECTION('ref_axis',(0.,1.,0.));
#3473=DIRECTION('center_axis',(-1.,-7.89491928622333E-16,0.));
#3474=DIRECTION('ref_axis',(0.,1.,0.));
#3475=DIRECTION('',(-1.,0.,0.));
#3476=DIRECTION('center_axis',(-1.,-7.89491928622333E-16,0.));
#3477=DIRECTION('ref_axis',(0.,1.,0.));
#3478=DIRECTION('center_axis',(1.,7.89491928622333E-16,0.));
#3479=DIRECTION('ref_axis',(7.89491928622334E-16,-1.,0.));
#3480=DIRECTION('',(-5.58255096420899E-16,0.707106781186549,-0.707106781186546));
#3481=DIRECTION('center_axis',(1.,7.89491928622333E-16,0.));
#3482=DIRECTION('ref_axis',(7.89491928622334E-16,-1.,0.));
#3483=DIRECTION('',(0.,0.,-1.));
#3484=DIRECTION('',(7.89491928622334E-16,-1.,0.));
#3485=DIRECTION('',(-5.58255096420899E-16,0.707106781186549,-0.707106781186546));
#3486=DIRECTION('',(7.89491928622334E-16,-1.,0.));
#3487=DIRECTION('',(0.,0.,-1.));
#3488=DIRECTION('center_axis',(-1.,7.89491928622334E-16,0.));
#3489=DIRECTION('ref_axis',(7.89491928622334E-16,1.,0.));
#3490=DIRECTION('',(0.,0.,-1.));
#3491=DIRECTION('',(7.89491928622334E-16,1.,0.));
#3492=DIRECTION('',(-5.582550964209E-16,-0.707106781186549,0.707106781186546));
#3493=DIRECTION('',(7.89491928622334E-16,1.,0.));
#3494=DIRECTION('',(0.,0.,-1.));
#3495=DIRECTION('center_axis',(-1.,7.89491928622334E-16,0.));
#3496=DIRECTION('ref_axis',(7.89491928622334E-16,1.,0.));
#3497=DIRECTION('',(-5.582550964209E-16,-0.707106781186549,0.707106781186546));
#3498=DIRECTION('center_axis',(-2.44753306108149E-17,0.707106781186547,
0.707106781186548));
#3499=DIRECTION('ref_axis',(1.,0.,3.46133444933798E-17));
#3500=DIRECTION('',(-0.577350269189624,0.577350269189627,-0.577350269189626));
#3501=DIRECTION('',(-1.,-3.46133444933798E-17,0.));
#3502=DIRECTION('',(0.577350269189628,0.577350269189625,-0.577350269189625));
#3503=DIRECTION('center_axis',(-0.707106781186549,0.,0.707106781186546));
#3504=DIRECTION('ref_axis',(0.707106781186546,0.,0.707106781186549));
#3505=DIRECTION('',(-0.577350269189624,-0.577350269189627,-0.577350269189626));
#3506=DIRECTION('',(0.,-1.,0.));
#3507=DIRECTION('center_axis',(0.,-0.707106781186547,0.707106781186548));
#3508=DIRECTION('ref_axis',(1.,0.,0.));
#3509=DIRECTION('',(0.577350269189625,-0.577350269189626,-0.577350269189626));
#3510=DIRECTION('center_axis',(0.707106781186548,1.76463242341104E-16,0.707106781186547));
#3511=DIRECTION('ref_axis',(0.707106781186547,0.,-0.707106781186548));
#3512=DIRECTION('',(-2.4955671057912E-16,1.,0.));
#3513=DIRECTION('center_axis',(1.,2.4955671057912E-16,0.));
#3514=DIRECTION('ref_axis',(-2.4955671057912E-16,1.,0.));
#3515=DIRECTION('',(0.,0.,1.));
#3516=DIRECTION('center_axis',(0.,0.707106781186546,0.707106781186549));
#3517=DIRECTION('ref_axis',(1.,0.,0.));
#3518=DIRECTION('',(-1.,0.,0.));
#3519=DIRECTION('',(-1.,0.,0.));
#3520=DIRECTION('',(2.35513868802567E-16,0.707106781186549,-0.707106781186546));
#3521=DIRECTION('',(-1.,0.,0.));
#3522=DIRECTION('',(0.,-0.707106781186549,0.707106781186546));
#3523=DIRECTION('',(-1.,0.,0.));
#3524=DIRECTION('',(-1.,0.,0.));
#3525=DIRECTION('',(-2.51214793389405E-15,0.707106781186549,-0.707106781186546));
#3526=DIRECTION('',(-1.,0.,0.));
#3527=DIRECTION('',(0.,-0.707106781186549,0.707106781186546));
#3528=DIRECTION('',(-1.,0.,0.));
#3529=DIRECTION('',(-1.,0.,0.));
#3530=DIRECTION('',(0.,0.707106781186549,-0.707106781186546));
#3531=DIRECTION('',(-1.,0.,0.));
#3532=DIRECTION('',(0.,-0.707106781186549,0.707106781186546));
#3533=DIRECTION('',(-1.,0.,0.));
#3534=DIRECTION('',(-1.,0.,0.));
#3535=DIRECTION('center_axis',(0.,0.707106781186546,0.707106781186549));
#3536=DIRECTION('ref_axis',(1.,0.,0.));
#3537=DIRECTION('',(0.,0.707106781186549,-0.707106781186546));
#3538=DIRECTION('',(-1.,0.,0.));
#3539=DIRECTION('',(0.,-0.707106781186549,0.707106781186546));
#3540=DIRECTION('',(1.,0.,0.));
#3541=DIRECTION('center_axis',(0.,0.707106781186546,0.707106781186549));
#3542=DIRECTION('ref_axis',(1.,0.,0.));
#3543=DIRECTION('',(0.,0.707106781186549,-0.707106781186546));
#3544=DIRECTION('',(-1.,0.,0.));
#3545=DIRECTION('',(0.,-0.707106781186549,0.707106781186546));
#3546=DIRECTION('',(1.,0.,0.));
#3547=DIRECTION('center_axis',(0.,0.707106781186546,0.707106781186549));
#3548=DIRECTION('ref_axis',(1.,0.,0.));
#3549=DIRECTION('',(0.,0.707106781186549,-0.707106781186546));
#3550=DIRECTION('',(-1.,0.,0.));
#3551=DIRECTION('',(0.,-0.707106781186549,0.707106781186546));
#3552=DIRECTION('',(1.,0.,0.));
#3553=DIRECTION('center_axis',(0.,0.707106781186546,0.707106781186549));
#3554=DIRECTION('ref_axis',(1.,0.,0.));
#3555=DIRECTION('',(0.,0.707106781186549,-0.707106781186546));
#3556=DIRECTION('',(-1.,0.,0.));
#3557=DIRECTION('',(0.,-0.707106781186549,0.707106781186546));
#3558=DIRECTION('',(1.,0.,0.));
#3559=DIRECTION('center_axis',(1.,0.,0.));
#3560=DIRECTION('ref_axis',(0.,-1.,0.));
#3561=DIRECTION('',(0.,0.,-1.));
#3562=DIRECTION('',(0.,-1.,0.));
#3563=DIRECTION('',(0.,0.,-1.));
#3564=DIRECTION('',(0.,-1.,0.));
#3565=DIRECTION('center_axis',(0.,-1.,0.));
#3566=DIRECTION('ref_axis',(-1.,0.,0.));
#3567=DIRECTION('',(0.,0.,-1.));
#3568=DIRECTION('',(-1.,0.,0.));
#3569=DIRECTION('center_axis',(1.,0.,0.));
#3570=DIRECTION('ref_axis',(0.,-1.,0.));
#3571=DIRECTION('',(0.,0.,-1.));
#3572=DIRECTION('',(0.,-1.,0.));
#3573=DIRECTION('',(0.,0.,-1.));
#3574=DIRECTION('',(0.,-1.,0.));
#3575=DIRECTION('center_axis',(0.,-1.,0.));
#3576=DIRECTION('ref_axis',(-1.,0.,0.));
#3577=DIRECTION('',(0.,0.,-1.));
#3578=DIRECTION('',(-1.,0.,0.));
#3579=DIRECTION('center_axis',(1.,0.,0.));
#3580=DIRECTION('ref_axis',(0.,-1.,0.));
#3581=DIRECTION('',(0.,0.,-1.));
#3582=DIRECTION('',(0.,-1.,0.));
#3583=DIRECTION('',(0.,0.,-1.));
#3584=DIRECTION('',(0.,-1.,0.));
#3585=DIRECTION('center_axis',(0.,-1.,0.));
#3586=DIRECTION('ref_axis',(-1.,0.,0.));
#3587=DIRECTION('',(0.,0.,-1.));
#3588=DIRECTION('',(-1.,0.,0.));
#3589=DIRECTION('center_axis',(1.,0.,0.));
#3590=DIRECTION('ref_axis',(0.,-1.,0.));
#3591=DIRECTION('',(0.,0.,-1.));
#3592=DIRECTION('',(0.,-1.,0.));
#3593=DIRECTION('',(0.,0.,-1.));
#3594=DIRECTION('',(0.,-1.,0.));
#3595=DIRECTION('center_axis',(0.,-1.,0.));
#3596=DIRECTION('ref_axis',(-1.,0.,0.));
#3597=DIRECTION('',(0.,0.,-1.));
#3598=DIRECTION('',(-1.,0.,0.));
#3599=DIRECTION('center_axis',(1.,0.,0.));
#3600=DIRECTION('ref_axis',(0.,-1.,0.));
#3601=DIRECTION('',(0.,-1.,0.));
#3602=DIRECTION('',(0.,0.,-1.));
#3603=DIRECTION('',(0.,4.08086472629913E-16,1.));
#3604=DIRECTION('center_axis',(0.,0.,-1.));
#3605=DIRECTION('ref_axis',(1.,0.,0.));
#3606=DIRECTION('',(-1.18423789293423E-13,1.,0.));
#3607=DIRECTION('',(1.,8.88178419700125E-16,0.));
#3608=DIRECTION('center_axis',(-1.,0.,0.));
#3609=DIRECTION('ref_axis',(0.,1.,0.));
#3610=DIRECTION('',(4.83271464482209E-29,-4.08086472629913E-16,-1.));
#3611=DIRECTION('',(0.,0.,-1.));
#3612=DIRECTION('center_axis',(1.,3.5527136788005E-15,0.));
#3613=DIRECTION('ref_axis',(3.5527136788005E-15,-1.,0.));
#3614=DIRECTION('',(3.66259142144382E-15,-1.,0.));
#3615=DIRECTION('',(0.,0.,-1.));
#3616=DIRECTION('',(-1.49465401386159E-30,4.08086472629913E-16,1.));
#3617=DIRECTION('center_axis',(0.,0.,-1.));
#3618=DIRECTION('ref_axis',(1.,0.,0.));
#3619=DIRECTION('',(0.,1.,0.));
#3620=DIRECTION('',(1.,-4.44089209850062E-16,0.));
#3621=DIRECTION('center_axis',(-1.,0.,0.));
#3622=DIRECTION('ref_axis',(0.,1.,0.));
#3623=DIRECTION('',(0.,-4.08086472629913E-16,-1.));
#3624=DIRECTION('',(0.,0.,-1.));
#3625=DIRECTION('center_axis',(0.,-1.,4.08086472629913E-16));
#3626=DIRECTION('ref_axis',(0.,4.08086472629913E-16,1.));
#3627=DIRECTION('',(1.40123813799524E-31,4.08086472629913E-16,1.));
#3628=DIRECTION('',(0.,0.,1.));
#3629=DIRECTION('',(4.83271464481901E-29,-4.08086472629913E-16,-1.));
#3630=DIRECTION('center_axis',(0.,1.,0.));
#3631=DIRECTION('ref_axis',(1.,0.,0.));
#3632=DIRECTION('',(1.,0.,0.));
#3633=DIRECTION('',(0.,0.,-1.));
#3634=DIRECTION('',(1.,0.,0.));
#3635=DIRECTION('center_axis',(-1.,0.,0.));
#3636=DIRECTION('ref_axis',(0.,1.,0.));
#3637=DIRECTION('',(0.,1.,0.));
#3638=DIRECTION('',(0.,1.,0.));
#3639=DIRECTION('center_axis',(0.,0.,1.));
#3640=DIRECTION('ref_axis',(1.,0.,0.));
#3641=DIRECTION('center_axis',(0.,0.,-1.));
#3642=DIRECTION('ref_axis',(-1.,0.,0.));
#3643=DIRECTION('center_axis',(0.,0.,-1.));
#3644=DIRECTION('ref_axis',(-1.,0.,0.));
#3645=DIRECTION('center_axis',(0.,-1.,0.));
#3646=DIRECTION('ref_axis',(-1.,0.,0.));
#3647=DIRECTION('',(1.,0.,0.));
#3648=DIRECTION('',(0.,0.,-1.));
#3649=DIRECTION('',(-1.,0.,0.));
#3650=DIRECTION('',(0.,0.,-1.));
#3651=DIRECTION('center_axis',(1.,0.,0.));
#3652=DIRECTION('ref_axis',(0.,-1.,0.));
#3653=DIRECTION('',(0.,1.,0.));
#3654=DIRECTION('',(0.,0.,-1.));
#3655=DIRECTION('',(0.,-1.,0.));
#3656=DIRECTION('center_axis',(0.,1.,0.));
#3657=DIRECTION('ref_axis',(1.,0.,0.));
#3658=DIRECTION('',(-1.,0.,0.));
#3659=DIRECTION('',(0.,0.,-1.));
#3660=DIRECTION('',(1.,0.,0.));
#3661=DIRECTION('center_axis',(-1.,0.,0.));
#3662=DIRECTION('ref_axis',(0.,1.,0.));
#3663=DIRECTION('',(0.,-1.,0.));
#3664=DIRECTION('',(0.,1.,0.));
#3665=DIRECTION('center_axis',(0.,0.,1.));
#3666=DIRECTION('ref_axis',(1.,0.,0.));
#3667=DIRECTION('center_axis',(0.,0.,-1.));
#3668=DIRECTION('ref_axis',(-1.,0.,0.));
#3669=DIRECTION('center_axis',(0.,0.,-1.));
#3670=DIRECTION('ref_axis',(-1.,0.,0.));
#3671=DIRECTION('center_axis',(0.,1.,0.));
#3672=DIRECTION('ref_axis',(1.,0.,0.));
#3673=DIRECTION('',(1.,0.,0.));
#3674=DIRECTION('',(0.,0.,-1.));
#3675=DIRECTION('',(1.,0.,0.));
#3676=DIRECTION('center_axis',(-1.,0.,0.));
#3677=DIRECTION('ref_axis',(0.,1.,0.));
#3678=DIRECTION('',(0.,1.,0.));
#3679=DIRECTION('',(0.,1.,0.));
#3680=DIRECTION('center_axis',(0.,0.,1.));
#3681=DIRECTION('ref_axis',(1.,0.,0.));
#3682=DIRECTION('center_axis',(0.,0.,-1.));
#3683=DIRECTION('ref_axis',(-1.,0.,0.));
#3684=DIRECTION('center_axis',(0.,0.,-1.));
#3685=DIRECTION('ref_axis',(-1.,0.,0.));
#3686=DIRECTION('center_axis',(1.,0.,0.));
#3687=DIRECTION('ref_axis',(0.,-1.,0.));
#3688=DIRECTION('',(0.,-1.,0.));
#3689=DIRECTION('',(0.,0.,-1.));
#3690=DIRECTION('',(0.,-1.,0.));
#3691=DIRECTION('',(0.,0.,-1.));
#3692=DIRECTION('center_axis',(0.,1.,0.));
#3693=DIRECTION('ref_axis',(1.,0.,0.));
#3694=DIRECTION('',(1.,0.,0.));
#3695=DIRECTION('',(0.,0.,-1.));
#3696=DIRECTION('',(1.,0.,0.));
#3697=DIRECTION('center_axis',(-1.,0.,0.));
#3698=DIRECTION('ref_axis',(0.,1.,0.));
#3699=DIRECTION('',(0.,1.,0.));
#3700=DIRECTION('',(0.,0.,-1.));
#3701=DIRECTION('',(0.,1.,0.));
#3702=DIRECTION('center_axis',(0.,-1.,0.));
#3703=DIRECTION('ref_axis',(-1.,0.,0.));
#3704=DIRECTION('',(-1.,0.,0.));
#3705=DIRECTION('',(-1.,0.,0.));
#3706=DIRECTION('center_axis',(0.,0.,1.));
#3707=DIRECTION('ref_axis',(1.,0.,0.));
#3708=DIRECTION('center_axis',(0.,0.,-1.));
#3709=DIRECTION('ref_axis',(-1.,0.,0.));
#3710=DIRECTION('center_axis',(0.,0.,-1.));
#3711=DIRECTION('ref_axis',(-1.,0.,0.));
#3712=DIRECTION('center_axis',(1.,0.,0.));
#3713=DIRECTION('ref_axis',(0.,-1.,0.));
#3714=DIRECTION('',(0.,-1.,0.));
#3715=DIRECTION('',(0.,0.,-1.));
#3716=DIRECTION('',(0.,-1.,0.));
#3717=DIRECTION('',(0.,0.,-1.));
#3718=DIRECTION('center_axis',(0.,1.,0.));
#3719=DIRECTION('ref_axis',(1.,0.,0.));
#3720=DIRECTION('',(1.,0.,0.));
#3721=DIRECTION('',(0.,0.,-1.));
#3722=DIRECTION('',(1.,0.,0.));
#3723=DIRECTION('center_axis',(-1.,0.,0.));
#3724=DIRECTION('ref_axis',(0.,1.,0.));
#3725=DIRECTION('',(0.,1.,0.));
#3726=DIRECTION('',(0.,0.,-1.));
#3727=DIRECTION('',(0.,1.,0.));
#3728=DIRECTION('center_axis',(0.,-1.,0.));
#3729=DIRECTION('ref_axis',(-1.,0.,0.));
#3730=DIRECTION('',(-1.,0.,0.));
#3731=DIRECTION('',(-1.,0.,0.));
#3732=DIRECTION('center_axis',(0.,0.,1.));
#3733=DIRECTION('ref_axis',(1.,0.,0.));
#3734=DIRECTION('center_axis',(0.,0.,-1.));
#3735=DIRECTION('ref_axis',(-1.,0.,0.));
#3736=DIRECTION('center_axis',(0.,0.,-1.));
#3737=DIRECTION('ref_axis',(-1.,0.,0.));
#3738=DIRECTION('center_axis',(0.,1.,0.));
#3739=DIRECTION('ref_axis',(1.,0.,0.));
#3740=DIRECTION('',(1.,0.,0.));
#3741=DIRECTION('',(0.,0.,-1.));
#3742=DIRECTION('',(1.,0.,0.));
#3743=DIRECTION('center_axis',(-1.,0.,0.));
#3744=DIRECTION('ref_axis',(0.,1.,0.));
#3745=DIRECTION('',(0.,1.,0.));
#3746=DIRECTION('',(0.,1.,0.));
#3747=DIRECTION('center_axis',(0.,0.,1.));
#3748=DIRECTION('ref_axis',(1.,0.,0.));
#3749=DIRECTION('center_axis',(0.,0.,-1.));
#3750=DIRECTION('ref_axis',(-1.,0.,0.));
#3751=DIRECTION('center_axis',(0.,0.,-1.));
#3752=DIRECTION('ref_axis',(-1.,0.,0.));
#3753=DIRECTION('center_axis',(1.,0.,0.));
#3754=DIRECTION('ref_axis',(0.,-1.,0.));
#3755=DIRECTION('',(0.,-1.,0.));
#3756=DIRECTION('',(0.,0.,-1.));
#3757=DIRECTION('',(0.,-1.,0.));
#3758=DIRECTION('',(0.,0.,-1.));
#3759=DIRECTION('center_axis',(0.,1.,0.));
#3760=DIRECTION('ref_axis',(1.,0.,0.));
#3761=DIRECTION('',(1.,0.,0.));
#3762=DIRECTION('',(0.,0.,-1.));
#3763=DIRECTION('',(1.,0.,0.));
#3764=DIRECTION('center_axis',(-1.,0.,0.));
#3765=DIRECTION('ref_axis',(0.,1.,0.));
#3766=DIRECTION('',(0.,1.,0.));
#3767=DIRECTION('',(0.,0.,-1.));
#3768=DIRECTION('',(0.,1.,0.));
#3769=DIRECTION('center_axis',(0.,-1.,0.));
#3770=DIRECTION('ref_axis',(-1.,0.,0.));
#3771=DIRECTION('',(-1.,0.,0.));
#3772=DIRECTION('',(-1.,0.,0.));
#3773=DIRECTION('center_axis',(0.,0.,1.));
#3774=DIRECTION('ref_axis',(1.,0.,0.));
#3775=DIRECTION('center_axis',(0.,0.,-1.));
#3776=DIRECTION('ref_axis',(-1.,0.,0.));
#3777=DIRECTION('center_axis',(0.,0.,-1.));
#3778=DIRECTION('ref_axis',(-1.,0.,0.));
#3779=DIRECTION('center_axis',(0.,1.,0.));
#3780=DIRECTION('ref_axis',(1.,0.,0.));
#3781=DIRECTION('',(1.,0.,0.));
#3782=DIRECTION('',(0.,0.,-1.));
#3783=DIRECTION('',(1.,0.,0.));
#3784=DIRECTION('center_axis',(-1.,0.,0.));
#3785=DIRECTION('ref_axis',(0.,1.,0.));
#3786=DIRECTION('',(0.,1.,0.));
#3787=DIRECTION('',(0.,1.,0.));
#3788=DIRECTION('center_axis',(0.,0.,1.));
#3789=DIRECTION('ref_axis',(1.,0.,0.));
#3790=DIRECTION('center_axis',(0.,0.,-1.));
#3791=DIRECTION('ref_axis',(-1.,0.,0.));
#3792=DIRECTION('center_axis',(0.,0.,-1.));
#3793=DIRECTION('ref_axis',(-1.,0.,0.));
#3794=DIRECTION('center_axis',(0.,0.,-1.));
#3795=DIRECTION('ref_axis',(-1.,0.,0.));
#3796=DIRECTION('',(0.,0.,-1.));
#3797=DIRECTION('center_axis',(0.,0.,-1.));
#3798=DIRECTION('ref_axis',(1.,0.,0.));
#3799=DIRECTION('',(-1.18423789293347E-13,1.,0.));
#3800=DIRECTION('',(1.,0.,0.));
#3801=DIRECTION('center_axis',(0.,0.,-1.));
#3802=DIRECTION('ref_axis',(1.,0.,0.));
#3803=DIRECTION('',(-1.,0.,0.));
#3804=DIRECTION('',(0.,1.,0.));
#3805=DIRECTION('center_axis',(0.,0.,-1.));
#3806=DIRECTION('ref_axis',(1.,0.,0.));
#3807=DIRECTION('',(1.,0.,0.));
#3808=DIRECTION('',(-3.43367945760357E-16,-1.,0.));
#3809=DIRECTION('center_axis',(0.,0.,-1.));
#3810=DIRECTION('ref_axis',(1.,0.,0.));
#3811=DIRECTION('',(-1.,0.,0.));
#3812=DIRECTION('',(0.,1.,0.));
#3813=DIRECTION('center_axis',(0.,0.,-1.));
#3814=DIRECTION('ref_axis',(1.,0.,0.));
#3815=DIRECTION('',(-1.,0.,0.));
#3816=DIRECTION('',(0.,1.,0.));
#3817=DIRECTION('center_axis',(0.,0.,-1.));
#3818=DIRECTION('ref_axis',(1.,0.,0.));
#3819=DIRECTION('',(-1.,0.,0.));
#3820=DIRECTION('center_axis',(-1.,0.,0.));
#3821=DIRECTION('ref_axis',(0.,1.,0.));
#3822=DIRECTION('',(0.,1.,0.));
#3823=DIRECTION('',(0.,0.,-1.));
#3824=DIRECTION('center_axis',(0.,1.,0.));
#3825=DIRECTION('ref_axis',(1.,0.,0.));
#3826=DIRECTION('',(1.,0.,0.));
#3827=DIRECTION('',(0.,0.,-1.));
#3828=DIRECTION('center_axis',(1.,0.,0.));
#3829=DIRECTION('ref_axis',(0.,-1.,0.));
#3830=DIRECTION('',(0.,-1.,0.));
#3831=DIRECTION('center_axis',(0.,0.,-1.));
#3832=DIRECTION('ref_axis',(-1.,0.,0.));
#3833=DIRECTION('center_axis',(0.,0.,-1.));
#3834=DIRECTION('ref_axis',(-1.,0.,0.));
#3835=DIRECTION('',(0.,0.,-1.));
#3836=DIRECTION('center_axis',(0.,0.,-1.));
#3837=DIRECTION('ref_axis',(-1.,0.,0.));
#3838=DIRECTION('',(0.,0.,-1.));
#3839=DIRECTION('center_axis',(0.,0.,-1.));
#3840=DIRECTION('ref_axis',(-1.,0.,0.));
#3841=DIRECTION('',(0.,0.,-1.));
#3842=DIRECTION('center_axis',(0.,0.,-1.));
#3843=DIRECTION('ref_axis',(-1.,0.,0.));
#3844=DIRECTION('',(0.,0.,-1.));
#3845=DIRECTION('center_axis',(0.,0.,-1.));
#3846=DIRECTION('ref_axis',(-1.,0.,0.));
#3847=DIRECTION('',(0.,0.,-1.));
#3848=DIRECTION('center_axis',(0.,0.,-1.));
#3849=DIRECTION('ref_axis',(-1.,0.,0.));
#3850=DIRECTION('',(0.,0.,-1.));
#3851=DIRECTION('center_axis',(0.,0.,-1.));
#3852=DIRECTION('ref_axis',(-1.,0.,0.));
#3853=DIRECTION('',(0.,0.,-1.));
#3854=DIRECTION('center_axis',(0.,1.,0.));
#3855=DIRECTION('ref_axis',(1.,0.,0.));
#3856=DIRECTION('',(0.,0.,-1.));
#3857=DIRECTION('center_axis',(0.,-1.,0.));
#3858=DIRECTION('ref_axis',(-1.,0.,0.));
#3859=DIRECTION('center_axis',(-1.,0.,0.));
#3860=DIRECTION('ref_axis',(0.,1.,0.));
#3861=DIRECTION('',(0.,0.,-1.));
#3862=DIRECTION('center_axis',(0.,-1.,0.));
#3863=DIRECTION('ref_axis',(-1.,0.,0.));
#3864=DIRECTION('center_axis',(-1.,0.,0.));
#3865=DIRECTION('ref_axis',(0.,1.,0.));
#3866=DIRECTION('',(0.,0.,-1.));
#3867=DIRECTION('center_axis',(0.,-1.,0.));
#3868=DIRECTION('ref_axis',(-1.,0.,0.));
#3869=DIRECTION('center_axis',(-1.,0.,0.));
#3870=DIRECTION('ref_axis',(0.,1.,0.));
#3871=DIRECTION('',(0.,0.,-1.));
#3872=DIRECTION('center_axis',(0.,-1.,0.));
#3873=DIRECTION('ref_axis',(-1.,0.,0.));
#3874=DIRECTION('center_axis',(-4.44089209850063E-16,1.,0.));
#3875=DIRECTION('ref_axis',(1.,4.44089209850063E-16,0.));
#3876=DIRECTION('',(0.,0.,-1.));
#3877=DIRECTION('center_axis',(-1.,0.,0.));
#3878=DIRECTION('ref_axis',(0.,1.,0.));
#3879=DIRECTION('center_axis',(-8.88178419700125E-16,1.,0.));
#3880=DIRECTION('ref_axis',(1.,8.88178419700125E-16,0.));
#3881=DIRECTION('center_axis',(4.44089209850062E-16,1.,0.));
#3882=DIRECTION('ref_axis',(1.,-4.44089209850062E-16,0.));
#3883=DIRECTION('center_axis',(1.,-3.33066907387547E-16,0.));
#3884=DIRECTION('ref_axis',(-3.33066907387547E-16,-1.,0.));
#3885=DIRECTION('center_axis',(-1.,0.,0.));
#3886=DIRECTION('ref_axis',(0.,-1.,0.));
#3887=CARTESIAN_POINT('',(0.,0.,0.));
#3888=CARTESIAN_POINT('Origin',(-7.30000000000007,48.2365202535533,-46.4121933088198));
#3889=CARTESIAN_POINT('',(-9.30000000000005,46.8223066911802,-44.9979797464468));
#3890=CARTESIAN_POINT('',(-7.30000000000005,45.4080931288071,-46.4121933088199));
#3891=CARTESIAN_POINT('',(-9.30000000000005,46.8223066911802,-44.9979797464468));
#3892=CARTESIAN_POINT('',(-7.30000000000008,48.2365202535533,-46.4121933088199));
#3893=CARTESIAN_POINT('',(-7.30000000000007,48.2365202535533,-46.4121933088198));
#3894=CARTESIAN_POINT('',(-7.30000000000006,45.4080931288071,-46.4121933088199));
#3895=CARTESIAN_POINT('Origin',(261.3,48.2365202535533,-46.4121933088199));
#3896=CARTESIAN_POINT('',(261.3,45.4080931288071,-46.4121933088199));
#3897=CARTESIAN_POINT('',(263.3,46.8223066911802,-44.9979797464468));
#3898=CARTESIAN_POINT('',(261.3,45.4080931288071,-46.4121933088199));
#3899=CARTESIAN_POINT('',(261.3,48.2365202535533,-46.4121933088199));
#3900=CARTESIAN_POINT('',(261.3,48.2365202535533,-46.4121933088199));
#3901=CARTESIAN_POINT('',(263.3,46.8223066911802,-44.9979797464468));
#3902=CARTESIAN_POINT('Origin',(127.,46.8223066911802,-46.4121933088199));
#3903=CARTESIAN_POINT('',(127.,45.4080931288071,-46.4121933088199));
#3904=CARTESIAN_POINT('',(127.,48.2365202535533,-46.4121933088199));
#3905=CARTESIAN_POINT('Origin',(-9.30000000000006,84.4202864376268,-7.4));
#3906=CARTESIAN_POINT('',(-7.30000000000008,87.8344999999999,-6.81421356237308));
#3907=CARTESIAN_POINT('',(-7.30000000000008,87.248713562373,-5.4));
#3908=CARTESIAN_POINT('',(-7.30000000000008,87.8344999999999,-6.81421356237309));
#3909=CARTESIAN_POINT('',(-9.30000000000006,84.4202864376268,-7.4));
#3910=CARTESIAN_POINT('',(-9.30000000000006,84.4202864376268,-7.4));
#3911=CARTESIAN_POINT('',(-7.30000000000006,87.248713562373,-5.4));
#3912=CARTESIAN_POINT('Origin',(-8.30000000000007,82.2844999999999,-10.95));
#3913=CARTESIAN_POINT('',(-9.30000000000006,81.5773932188134,-10.2428932188135));
#3914=CARTESIAN_POINT('',(-7.30000000000008,82.9916067811865,-11.6571067811866));
#3915=CARTESIAN_POINT('Origin',(-7.30000000000004,12.6345,-11.6386001800129));
#3916=CARTESIAN_POINT('',(-7.30000000000004,14.0487135623731,-15.0528137423859));
#3917=CARTESIAN_POINT('',(-9.30000000000004,14.6345,-12.8101730552667));
#3918=CARTESIAN_POINT('',(-7.30000000000004,14.0487135623731,-15.0528137423859));
#3919=CARTESIAN_POINT('',(-7.30000000000004,12.6345,-11.6386001800129));
#3920=CARTESIAN_POINT('',(-7.30000000000004,12.6345,-11.6386001800129));
#3921=CARTESIAN_POINT('',(-9.30000000000004,14.6345,-12.8101730552667));
#3922=CARTESIAN_POINT('Origin',(261.3,87.8344999999999,-6.81421356237309));
#3923=CARTESIAN_POINT('',(263.3,84.4202864376268,-7.4));
#3924=CARTESIAN_POINT('',(261.3,87.248713562373,-5.4));
#3925=CARTESIAN_POINT('',(263.3,84.4202864376268,-7.4));
#3926=CARTESIAN_POINT('',(261.3,87.8344999999999,-6.81421356237309));
#3927=CARTESIAN_POINT('',(261.3,87.8344999999999,-6.81421356237309));
#3928=CARTESIAN_POINT('',(261.3,87.248713562373,-5.4));
#3929=CARTESIAN_POINT('Origin',(262.3,68.3845,-24.85));
#3930=CARTESIAN_POINT('',(263.3,67.6773932188135,-24.1428932188134));
#3931=CARTESIAN_POINT('',(261.3,69.0916067811866,-25.5571067811865));
#3932=CARTESIAN_POINT('Origin',(193.65,87.5416067811865,-6.10710678118654));
#3933=CARTESIAN_POINT('',(193.65,87.248713562373,-5.4));
#3934=CARTESIAN_POINT('',(193.65,87.8344999999999,-6.81421356237309));
#3935=CARTESIAN_POINT('Origin',(261.3,12.6345,-11.6386001800129));
#3936=CARTESIAN_POINT('',(263.3,14.6345,-12.8101730552667));
#3937=CARTESIAN_POINT('',(261.3,14.0487135623731,-15.052813742386));
#3938=CARTESIAN_POINT('',(263.3,14.6345,-12.8101730552667));
#3939=CARTESIAN_POINT('',(261.3,12.6345,-11.6386001800129));
#3940=CARTESIAN_POINT('',(261.3,12.6345,-11.6386001800129));
#3941=CARTESIAN_POINT('',(261.3,14.0487135623731,-15.052813742386));
#3942=CARTESIAN_POINT('Origin',(-7.30000000000005,14.6345,-5.4));
#3943=CARTESIAN_POINT('',(-7.30000000000004,12.6345,-7.4));
#3944=CARTESIAN_POINT('',(-9.30000000000004,14.6345,-7.4));
#3945=CARTESIAN_POINT('',(-7.30000000000004,12.6345,-7.4));
#3946=CARTESIAN_POINT('',(-7.30000000000005,14.6345,-5.4));
#3947=CARTESIAN_POINT('',(-7.30000000000005,14.6345,-5.4));
#3948=CARTESIAN_POINT('',(-9.30000000000004,14.6345,-7.4));
#3949=CARTESIAN_POINT('Origin',(261.3,12.6345,-7.4));
#3950=CARTESIAN_POINT('',(261.3,14.6345,-5.4));
#3951=CARTESIAN_POINT('',(263.3,14.6345,-7.4));
#3952=CARTESIAN_POINT('',(261.3,14.6345,-5.4));
#3953=CARTESIAN_POINT('',(261.3,12.6345,-7.4));
#3954=CARTESIAN_POINT('',(261.3,12.6345,-7.4));
#3955=CARTESIAN_POINT('',(263.3,14.6345,-7.4));
#3956=CARTESIAN_POINT('Origin',(60.35,13.6345,-6.4));
#3957=CARTESIAN_POINT('',(60.35,12.6345,-7.4));
#3958=CARTESIAN_POINT('',(60.35,14.6345,-5.4));
#3959=CARTESIAN_POINT('Origin',(262.3,13.6345,-15.));
#3960=CARTESIAN_POINT('',(261.3,12.6345,-15.));
#3961=CARTESIAN_POINT('',(263.3,14.6345,-15.));
#3962=CARTESIAN_POINT('Origin',(262.3,33.5345,-6.4));
#3963=CARTESIAN_POINT('',(263.3,33.5345,-7.4));
#3964=CARTESIAN_POINT('',(261.3,33.5345,-5.4));
#3965=CARTESIAN_POINT('Origin',(-8.30000000000006,61.3345,-6.4));
#3966=CARTESIAN_POINT('',(-9.30000000000005,61.3345,-7.4));
#3967=CARTESIAN_POINT('',(-7.30000000000006,61.3345,-5.4));
#3968=CARTESIAN_POINT('Origin',(-8.30000000000004,13.6345,-15.));
#3969=CARTESIAN_POINT('',(-7.30000000000004,12.6345,-15.));
#3970=CARTESIAN_POINT('',(-9.30000000000004,14.6345,-15.));
#3971=CARTESIAN_POINT('Origin',(-6.30000000000005,13.3416067811865,-13.3457069611994));
#3972=CARTESIAN_POINT('',(-6.30000000000005,12.6345,-11.6386001800129));
#3973=CARTESIAN_POINT('',(-6.30000000000005,14.0487135623731,-15.0528137423859));
#3974=CARTESIAN_POINT('Origin',(262.3,32.5258600817734,-32.1157466994131));
#3975=CARTESIAN_POINT('',(261.3,31.8187533005869,-32.8228534805997));
#3976=CARTESIAN_POINT('',(263.3,33.23296686296,-31.4086399182266));
#3977=CARTESIAN_POINT('Origin',(-8.30000000000005,46.4258600817735,-46.0157466994131));
#3978=CARTESIAN_POINT('',(-9.30000000000005,47.13296686296,-45.3086399182266));
#3979=CARTESIAN_POINT('',(-7.30000000000005,45.718753300587,-46.7228534805997));
#3980=CARTESIAN_POINT('Origin',(260.3,88.5416067811865,-6.10710678118656));
#3981=CARTESIAN_POINT('Origin',(-9.30000000000006,75.2345,-15.));
#3982=CARTESIAN_POINT('',(-9.30000000000007,43.6151999099937,-36.5126983722082));
#3983=CARTESIAN_POINT('Origin',(-9.30000000000007,46.1151999099937,-36.5126983722082));
#3984=CARTESIAN_POINT('Origin',(127.,47.4345,-5.4));
#3985=CARTESIAN_POINT('',(-3.30000000000005,22.6345,-5.4));
#3986=CARTESIAN_POINT('',(257.3,22.6345,-5.4));
#3987=CARTESIAN_POINT('',(191.15,22.6345,-5.4));
#3988=CARTESIAN_POINT('',(-3.30000000000005,72.2345,-5.4));
#3989=CARTESIAN_POINT('',(-3.30000000000005,36.0345,-5.4));
#3990=CARTESIAN_POINT('',(257.3,72.2345,-5.4));
#3991=CARTESIAN_POINT('',(62.8499999999999,72.2345,-5.4));
#3992=CARTESIAN_POINT('',(257.3,58.8345,-5.4));
#3993=CARTESIAN_POINT('Origin',(-6.30000000000004,12.6345,-15.));
#3994=CARTESIAN_POINT('Origin',(263.3,19.6345,-15.));
#3995=CARTESIAN_POINT('',(263.3,43.6151999099937,-36.5126983722082));
#3996=CARTESIAN_POINT('Origin',(263.3,46.1151999099937,-36.5126983722082));
#3997=CARTESIAN_POINT('Origin',(-6.30000000000006,46.8223066911802,-47.8264068711929));
#3998=CARTESIAN_POINT('Origin',(3.81,65.532,-25.));
#3999=CARTESIAN_POINT('',(3.81,65.532,-27.));
#4000=CARTESIAN_POINT('',(5.81,65.532,-25.));
#4001=CARTESIAN_POINT('',(5.81,65.532,-25.));
#4002=CARTESIAN_POINT('Origin',(3.81,65.532,-25.));
#4003=CARTESIAN_POINT('Origin',(3.81,65.532,10.));
#4004=CARTESIAN_POINT('',(5.81,65.532,-20.5));
#4005=CARTESIAN_POINT('Origin',(3.81,65.532,-20.5));
#4006=CARTESIAN_POINT('',(5.81,65.532,10.));
#4007=CARTESIAN_POINT('Origin',(3.81,29.337,-25.));
#4008=CARTESIAN_POINT('',(3.81,29.337,-27.));
#4009=CARTESIAN_POINT('',(5.81000000000234,29.337,-24.9999999999977));
#4010=CARTESIAN_POINT('',(5.81,29.337,-25.));
#4011=CARTESIAN_POINT('',(4.81359951810575,31.0669676318527,-25.));
#4012=CARTESIAN_POINT('Origin',(3.81,29.337,-25.));
#4013=CARTESIAN_POINT('',(2.80640048189425,31.0669676318527,-25.));
#4014=CARTESIAN_POINT('Ctrl Pts',(4.81359951811445,31.0669676318503,-24.9999999999977));
#4015=CARTESIAN_POINT('Ctrl Pts',(3.81,31.3370000000024,-25.2700323681497));
#4016=CARTESIAN_POINT('Ctrl Pts',(2.80640048188556,31.0669676318503,-24.9999999999977));
#4017=CARTESIAN_POINT('Origin',(3.81,29.337,-25.));
#4018=CARTESIAN_POINT('Origin',(3.81,29.337,10.));
#4019=CARTESIAN_POINT('',(5.81,29.337,-20.5));
#4020=CARTESIAN_POINT('Origin',(3.81,29.337,-20.5));
#4021=CARTESIAN_POINT('',(5.81,29.337,10.));
#4022=CARTESIAN_POINT('',(1.94797227291122,30.0669676318527,-24.));
#4023=CARTESIAN_POINT('Origin',(3.81,29.337,-23.2700323681473));
#4024=CARTESIAN_POINT('',(5.67202772708878,30.0669676318527,-24.));
#4025=CARTESIAN_POINT('Origin',(3.81,29.337,-24.));
#4026=CARTESIAN_POINT('Origin',(3.81,29.337,-23.2700323681473));
#4027=CARTESIAN_POINT('Origin',(83.82,65.532,-25.));
#4028=CARTESIAN_POINT('',(83.82,65.532,-27.));
#4029=CARTESIAN_POINT('',(85.82,65.532,-25.));
#4030=CARTESIAN_POINT('',(85.82,65.532,-25.));
#4031=CARTESIAN_POINT('Origin',(83.82,65.532,-25.));
#4032=CARTESIAN_POINT('Origin',(83.82,65.532,10.));
#4033=CARTESIAN_POINT('',(85.82,65.532,-20.5));
#4034=CARTESIAN_POINT('Origin',(83.82,65.532,-20.5));
#4035=CARTESIAN_POINT('',(85.82,65.532,10.));
#4036=CARTESIAN_POINT('Origin',(83.82,29.337,-25.));
#4037=CARTESIAN_POINT('',(83.82,29.337,-27.));
#4038=CARTESIAN_POINT('',(85.8200000000023,29.337,-24.9999999999977));
#4039=CARTESIAN_POINT('',(85.82,29.337,-25.));
#4040=CARTESIAN_POINT('',(84.8235995181057,31.0669676318527,-25.));
#4041=CARTESIAN_POINT('Origin',(83.82,29.337,-25.));
#4042=CARTESIAN_POINT('',(82.8164004818942,31.0669676318527,-25.));
#4043=CARTESIAN_POINT('Ctrl Pts',(84.8235995181144,31.0669676318504,-24.9999999999977));
#4044=CARTESIAN_POINT('Ctrl Pts',(83.82,31.3370000000024,-25.2700323681497));
#4045=CARTESIAN_POINT('Ctrl Pts',(82.8164004818856,31.0669676318504,-24.9999999999977));
#4046=CARTESIAN_POINT('Origin',(83.82,29.337,-25.));
#4047=CARTESIAN_POINT('Origin',(83.82,29.337,10.));
#4048=CARTESIAN_POINT('',(85.82,29.337,-20.5));
#4049=CARTESIAN_POINT('Origin',(83.82,29.337,-20.5));
#4050=CARTESIAN_POINT('',(85.82,29.337,10.));
#4051=CARTESIAN_POINT('',(81.9579722729112,30.0669676318527,-24.));
#4052=CARTESIAN_POINT('Origin',(83.82,29.337,-23.2700323681473));
#4053=CARTESIAN_POINT('',(85.6820277270888,30.0669676318527,-24.));
#4054=CARTESIAN_POINT('Origin',(83.82,29.337,-24.));
#4055=CARTESIAN_POINT('Origin',(83.82,29.337,-23.2700323681473));
#4056=CARTESIAN_POINT('Origin',(170.18,29.337,-25.));
#4057=CARTESIAN_POINT('',(170.18,29.337,-27.));
#4058=CARTESIAN_POINT('',(172.180000000002,29.337,-24.9999999999977));
#4059=CARTESIAN_POINT('',(172.18,29.337,-25.));
#4060=CARTESIAN_POINT('',(171.183599518106,31.0669676318527,-25.));
#4061=CARTESIAN_POINT('Origin',(170.18,29.337,-25.));
#4062=CARTESIAN_POINT('',(169.176400481894,31.0669676318527,-25.));
#4063=CARTESIAN_POINT('Ctrl Pts',(171.183599518114,31.0669676318503,-24.9999999999977));
#4064=CARTESIAN_POINT('Ctrl Pts',(170.18,31.3370000000024,-25.2700323681497));
#4065=CARTESIAN_POINT('Ctrl Pts',(169.176400481886,31.0669676318503,-24.9999999999977));
#4066=CARTESIAN_POINT('Origin',(170.18,29.337,-25.));
#4067=CARTESIAN_POINT('Origin',(170.18,29.337,10.));
#4068=CARTESIAN_POINT('',(172.18,29.337,-20.5));
#4069=CARTESIAN_POINT('Origin',(170.18,29.337,-20.5));
#4070=CARTESIAN_POINT('',(172.18,29.337,10.));
#4071=CARTESIAN_POINT('',(168.317972272911,30.0669676318527,-24.));
#4072=CARTESIAN_POINT('Origin',(170.18,29.337,-23.2700323681473));
#4073=CARTESIAN_POINT('',(172.042027727089,30.0669676318527,-24.));
#4074=CARTESIAN_POINT('Origin',(170.18,29.337,-24.));
#4075=CARTESIAN_POINT('Origin',(170.18,29.337,-23.2700323681473));
#4076=CARTESIAN_POINT('Origin',(170.18,65.532,-25.));
#4077=CARTESIAN_POINT('',(170.18,65.532,-27.));
#4078=CARTESIAN_POINT('',(172.18,65.532,-25.));
#4079=CARTESIAN_POINT('',(172.18,65.532,-25.));
#4080=CARTESIAN_POINT('Origin',(170.18,65.532,-25.));
#4081=CARTESIAN_POINT('Origin',(170.18,65.532,10.));
#4082=CARTESIAN_POINT('',(172.18,65.532,-20.5));
#4083=CARTESIAN_POINT('Origin',(170.18,65.532,-20.5));
#4084=CARTESIAN_POINT('',(172.18,65.532,10.));
#4085=CARTESIAN_POINT('Origin',(250.19,65.532,-25.));
#4086=CARTESIAN_POINT('',(250.19,65.532,-27.));
#4087=CARTESIAN_POINT('',(252.19,65.532,-25.));
#4088=CARTESIAN_POINT('',(252.19,65.532,-25.));
#4089=CARTESIAN_POINT('Origin',(250.19,65.532,-25.));
#4090=CARTESIAN_POINT('Origin',(250.19,65.532,10.));
#4091=CARTESIAN_POINT('',(252.19,65.532,-20.5));
#4092=CARTESIAN_POINT('Origin',(250.19,65.532,-20.5));
#4093=CARTESIAN_POINT('',(252.19,65.532,10.));
#4094=CARTESIAN_POINT('Origin',(250.19,29.337,-25.));
#4095=CARTESIAN_POINT('',(250.19,29.337,-27.));
#4096=CARTESIAN_POINT('',(252.190000000002,29.337,-24.9999999999977));
#4097=CARTESIAN_POINT('',(252.19,29.337,-25.));
#4098=CARTESIAN_POINT('',(251.193599518106,31.0669676318527,-25.));
#4099=CARTESIAN_POINT('Origin',(250.19,29.337,-25.));
#4100=CARTESIAN_POINT('',(249.186400481894,31.0669676318527,-25.));
#4101=CARTESIAN_POINT('Ctrl Pts',(251.193599518114,31.0669676318503,-24.9999999999977));
#4102=CARTESIAN_POINT('Ctrl Pts',(250.19,31.3370000000024,-25.2700323681497));
#4103=CARTESIAN_POINT('Ctrl Pts',(249.186400481886,31.0669676318503,-24.9999999999977));
#4104=CARTESIAN_POINT('Origin',(250.19,29.337,-25.));
#4105=CARTESIAN_POINT('Origin',(250.19,29.337,10.));
#4106=CARTESIAN_POINT('',(252.19,29.337,-20.5));
#4107=CARTESIAN_POINT('Origin',(250.19,29.337,-20.5));
#4108=CARTESIAN_POINT('',(252.19,29.337,10.));
#4109=CARTESIAN_POINT('',(248.327972272911,30.0669676318527,-24.));
#4110=CARTESIAN_POINT('Origin',(250.19,29.337,-23.2700323681473));
#4111=CARTESIAN_POINT('',(252.052027727089,30.0669676318527,-24.));
#4112=CARTESIAN_POINT('Origin',(250.19,29.337,-24.));
#4113=CARTESIAN_POINT('Origin',(250.19,29.337,-23.2700323681473));
#4114=CARTESIAN_POINT('Origin',(175.18,69.9345,-15.));
#4115=CARTESIAN_POINT('',(175.18,70.2345,-15.9289321881347));
#4116=CARTESIAN_POINT('',(175.18,62.1634321881347,-24.));
#4117=CARTESIAN_POINT('',(175.18,68.606199141101,-17.5572330470337));
#4118=CARTESIAN_POINT('',(175.18,70.2345,-15.));
#4119=CARTESIAN_POINT('',(175.18,70.2345,-15.));
#4120=CARTESIAN_POINT('',(175.18,60.2345,-15.));
#4121=CARTESIAN_POINT('',(175.18,58.6845,-15.));
#4122=CARTESIAN_POINT('',(175.18,60.2345,-24.));
#4123=CARTESIAN_POINT('',(175.18,60.2345,-15.));
#4124=CARTESIAN_POINT('',(175.18,60.2345,-24.));
#4125=CARTESIAN_POINT('Origin',(-1.30000000000006,70.2345,-15.));
#4126=CARTESIAN_POINT('',(245.3,70.2345,-15.9289321881347));
#4127=CARTESIAN_POINT('',(126.85,70.2345,-15.9289321881347));
#4128=CARTESIAN_POINT('',(245.3,70.2345,-15.));
#4129=CARTESIAN_POINT('',(245.3,70.2345,-15.));
#4130=CARTESIAN_POINT('',(255.3,70.2345,-15.));
#4131=CARTESIAN_POINT('',(255.3,70.2345,-15.));
#4132=CARTESIAN_POINT('',(255.3,70.2345,-7.4));
#4133=CARTESIAN_POINT('',(255.3,70.2345,-15.));
#4134=CARTESIAN_POINT('',(-1.30000000000006,70.2345,-7.4));
#4135=CARTESIAN_POINT('',(62.8499999999999,70.2345,-7.4));
#4136=CARTESIAN_POINT('',(-1.30000000000006,70.2345,-15.));
#4137=CARTESIAN_POINT('',(-1.30000000000006,70.2345,-15.));
#4138=CARTESIAN_POINT('',(8.69999999999994,70.2345,-15.));
#4139=CARTESIAN_POINT('',(255.3,70.2345,-15.));
#4140=CARTESIAN_POINT('',(8.69999999999994,70.2345,-15.9289321881347));
#4141=CARTESIAN_POINT('',(8.69999999999994,70.2345,-15.));
#4142=CARTESIAN_POINT('',(78.82,70.2345,-15.9289321881347));
#4143=CARTESIAN_POINT('',(126.85,70.2345,-15.9289321881347));
#4144=CARTESIAN_POINT('',(78.82,70.2345,-15.));
#4145=CARTESIAN_POINT('',(78.82,70.2345,-15.));
#4146=CARTESIAN_POINT('',(88.82,70.2345,-15.));
#4147=CARTESIAN_POINT('',(255.3,70.2345,-15.));
#4148=CARTESIAN_POINT('',(88.82,70.2345,-15.9289321881347));
#4149=CARTESIAN_POINT('',(88.82,70.2345,-15.));
#4150=CARTESIAN_POINT('',(165.18,70.2345,-15.9289321881347));
#4151=CARTESIAN_POINT('',(126.85,70.2345,-15.9289321881347));
#4152=CARTESIAN_POINT('',(165.18,70.2345,-15.));
#4153=CARTESIAN_POINT('',(165.18,70.2345,-15.));
#4154=CARTESIAN_POINT('',(255.3,70.2345,-15.));
#4155=CARTESIAN_POINT('Origin',(255.,68.1634321881347,-18.));
#4156=CARTESIAN_POINT('',(165.18,62.1634321881347,-24.));
#4157=CARTESIAN_POINT('',(212.59,62.1634321881347,-24.));
#4158=CARTESIAN_POINT('',(165.18,66.181199141101,-19.9822330470337));
#4159=CARTESIAN_POINT('',(88.82,62.1634321881347,-24.));
#4160=CARTESIAN_POINT('',(88.82,68.606199141101,-17.5572330470337));
#4161=CARTESIAN_POINT('',(78.82,62.1634321881347,-24.));
#4162=CARTESIAN_POINT('',(169.41,62.1634321881347,-24.));
#4163=CARTESIAN_POINT('',(78.82,66.181199141101,-19.9822330470337));
#4164=CARTESIAN_POINT('',(8.69999999999995,62.1634321881347,-24.));
#4165=CARTESIAN_POINT('',(8.69999999999994,68.606199141101,-17.5572330470337));
#4166=CARTESIAN_POINT('',(-1.00000000000004,62.1634321881347,-24.));
#4167=CARTESIAN_POINT('',(129.425,62.1634321881347,-24.));
#4168=CARTESIAN_POINT('',(-1.00000000000001,47.8829668629601,-38.2804653251746));
#4169=CARTESIAN_POINT('',(-1.00000000000003,57.281199141101,-28.8822330470337));
#4170=CARTESIAN_POINT('',(-1.00000000000002,46.1151999099937,-40.048232278141));
#4171=CARTESIAN_POINT('',(-1.00000000000003,57.281199141101,-28.8822330470337));
#4172=CARTESIAN_POINT('',(255.,46.1151999099937,-40.048232278141));
#4173=CARTESIAN_POINT('',(191.,46.1151999099937,-40.048232278141));
#4174=CARTESIAN_POINT('',(255.,47.8829668629601,-38.2804653251746));
#4175=CARTESIAN_POINT('',(255.,24.6345000000002,-61.5289321881345));
#4176=CARTESIAN_POINT('',(255.,62.1634321881347,-24.));
#4177=CARTESIAN_POINT('',(255.,24.6345000000002,-61.5289321881345));
#4178=CARTESIAN_POINT('',(245.3,62.1634321881347,-24.));
#4179=CARTESIAN_POINT('',(252.575,62.1634321881347,-24.));
#4180=CARTESIAN_POINT('',(245.3,66.181199141101,-19.9822330470337));
#4181=CARTESIAN_POINT('',(154.5,57.4345,-28.7289321881347));
#4182=CARTESIAN_POINT('',(154.5,53.1634321881347,-33.));
#4183=CARTESIAN_POINT('',(154.5,66.231199141101,-19.9322330470337));
#4184=CARTESIAN_POINT('',(99.4999999999999,53.1634321881347,-33.));
#4185=CARTESIAN_POINT('',(191.,53.1634321881347,-33.));
#4186=CARTESIAN_POINT('',(99.4999999999999,57.4345,-28.7289321881347));
#4187=CARTESIAN_POINT('',(99.4999999999999,61.231199141101,-24.9322330470337));
#4188=CARTESIAN_POINT('',(177.25,57.4345,-28.7289321881347));
#4189=CARTESIAN_POINT('Origin',(88.82,69.9345,-15.));
#4190=CARTESIAN_POINT('',(88.82,60.2345,-15.));
#4191=CARTESIAN_POINT('',(88.82,58.6845,-15.));
#4192=CARTESIAN_POINT('',(88.82,60.2345,-24.));
#4193=CARTESIAN_POINT('',(88.82,60.2345,-15.));
#4194=CARTESIAN_POINT('',(88.82,60.2345,-24.));
#4195=CARTESIAN_POINT('Origin',(8.69999999999994,69.9345,-15.));
#4196=CARTESIAN_POINT('',(8.69999999999995,60.2345,-15.));
#4197=CARTESIAN_POINT('',(8.69999999999994,58.6845,-15.));
#4198=CARTESIAN_POINT('',(8.69999999999995,60.2345,-24.));
#4199=CARTESIAN_POINT('',(8.69999999999995,60.2345,-15.));
#4200=CARTESIAN_POINT('',(8.69999999999995,60.2345,-24.));
#4201=CARTESIAN_POINT('Origin',(-1.15000000000004,53.8344999999999,-15.15));
#4202=CARTESIAN_POINT('',(-1.00000000000004,60.2345,-15.3));
#4203=CARTESIAN_POINT('',(-1.30000000000004,60.2345,-15.));
#4204=CARTESIAN_POINT('',(1.27499999999993,60.2345,-17.575));
#4205=CARTESIAN_POINT('',(-1.30000000000002,34.6345,-15.));
#4206=CARTESIAN_POINT('',(-1.30000000000006,70.2345,-15.));
#4207=CARTESIAN_POINT('',(-1.00000000000002,34.6345,-15.3));
#4208=CARTESIAN_POINT('',(-1.15000000000003,34.6345,-15.15));
#4209=CARTESIAN_POINT('',(-1.00000000000004,53.8344999999999,-15.3));
#4210=CARTESIAN_POINT('Origin',(127.,47.4345,-15.));
#4211=CARTESIAN_POINT('',(8.69999999999995,60.2345,-15.));
#4212=CARTESIAN_POINT('',(-1.30000000000006,70.2345,-15.));
#4213=CARTESIAN_POINT('',(5.81,65.532,-15.));
#4214=CARTESIAN_POINT('Origin',(3.81,65.532,-15.));
#4215=CARTESIAN_POINT('Origin',(127.,47.4345,-15.));
#4216=CARTESIAN_POINT('',(8.69999999999996,34.6345,-15.));
#4217=CARTESIAN_POINT('',(8.69999999999996,34.6345,-15.));
#4218=CARTESIAN_POINT('',(-1.30000000000004,24.6345,-15.));
#4219=CARTESIAN_POINT('',(-1.30000000000006,70.2345,-15.));
#4220=CARTESIAN_POINT('',(8.69999999999995,24.6345,-15.));
#4221=CARTESIAN_POINT('',(-1.30000000000004,24.6345,-15.));
#4222=CARTESIAN_POINT('',(8.69999999999995,24.6345,-15.));
#4223=CARTESIAN_POINT('',(5.81,29.337,-15.));
#4224=CARTESIAN_POINT('Origin',(3.81,29.337,-15.));
#4225=CARTESIAN_POINT('Origin',(255.15,41.0344999999999,-15.15));
#4226=CARTESIAN_POINT('',(255.,34.6345,-15.3));
#4227=CARTESIAN_POINT('',(255.3,34.6345,-15.));
#4228=CARTESIAN_POINT('',(252.725,34.6345,-17.575));
#4229=CARTESIAN_POINT('',(255.3,60.2345,-15.));
#4230=CARTESIAN_POINT('',(255.3,24.6345,-15.));
#4231=CARTESIAN_POINT('',(255.,60.2345,-15.3));
#4232=CARTESIAN_POINT('',(255.15,60.2345,-15.15));
#4233=CARTESIAN_POINT('',(255.,41.0344999999999,-15.3));
#4234=CARTESIAN_POINT('Origin',(127.,47.4345,-15.));
#4235=CARTESIAN_POINT('',(245.3,34.6345,-15.));
#4236=CARTESIAN_POINT('',(245.3,34.6345,-15.));
#4237=CARTESIAN_POINT('',(245.3,24.6345,-15.));
#4238=CARTESIAN_POINT('',(245.3,36.1845,-15.));
#4239=CARTESIAN_POINT('',(255.3,24.6345,-15.));
#4240=CARTESIAN_POINT('',(-1.30000000000004,24.6345,-15.));
#4241=CARTESIAN_POINT('',(255.3,24.6345,-15.));
#4242=CARTESIAN_POINT('',(252.19,29.337,-15.));
#4243=CARTESIAN_POINT('Origin',(250.19,29.337,-15.));
#4244=CARTESIAN_POINT('Origin',(127.,47.4345,-15.));
#4245=CARTESIAN_POINT('',(245.3,60.2345,-15.));
#4246=CARTESIAN_POINT('',(245.3,60.2345,-15.));
#4247=CARTESIAN_POINT('',(255.3,24.6345,-15.));
#4248=CARTESIAN_POINT('',(245.3,70.2345,-15.));
#4249=CARTESIAN_POINT('',(252.19,65.532,-15.));
#4250=CARTESIAN_POINT('Origin',(250.19,65.532,-15.));
#4251=CARTESIAN_POINT('Origin',(127.,47.4345,-15.));
#4252=CARTESIAN_POINT('',(165.18,34.6345,-15.));
#4253=CARTESIAN_POINT('',(165.18,24.6345,-15.));
#4254=CARTESIAN_POINT('',(165.18,36.1845,-15.));
#4255=CARTESIAN_POINT('',(175.18,24.6345,-15.));
#4256=CARTESIAN_POINT('',(-1.30000000000004,24.6345,-15.));
#4257=CARTESIAN_POINT('',(175.18,34.6345,-15.));
#4258=CARTESIAN_POINT('',(175.18,24.6345,-15.));
#4259=CARTESIAN_POINT('',(175.18,34.6345,-15.));
#4260=CARTESIAN_POINT('',(172.18,29.337,-15.));
#4261=CARTESIAN_POINT('Origin',(170.18,29.337,-15.));
#4262=CARTESIAN_POINT('Origin',(127.,47.4345,-15.));
#4263=CARTESIAN_POINT('',(78.82,60.2345,-15.));
#4264=CARTESIAN_POINT('',(78.82,60.2345,-15.));
#4265=CARTESIAN_POINT('',(88.82,60.2345,-15.));
#4266=CARTESIAN_POINT('',(85.82,65.532,-15.));
#4267=CARTESIAN_POINT('Origin',(83.82,65.532,-15.));
#4268=CARTESIAN_POINT('Origin',(127.,47.4345,-15.));
#4269=CARTESIAN_POINT('',(165.18,60.2345,-15.));
#4270=CARTESIAN_POINT('',(165.18,70.2345,-15.));
#4271=CARTESIAN_POINT('',(165.18,60.2345,-15.));
#4272=CARTESIAN_POINT('',(172.18,65.532,-15.));
#4273=CARTESIAN_POINT('Origin',(170.18,65.532,-15.));
#4274=CARTESIAN_POINT('Origin',(127.,47.4345,-15.));
#4275=CARTESIAN_POINT('',(78.82,34.6345,-15.));
#4276=CARTESIAN_POINT('',(78.82,24.6345,-15.));
#4277=CARTESIAN_POINT('',(78.82,36.1845,-15.));
#4278=CARTESIAN_POINT('',(88.82,24.6345,-15.));
#4279=CARTESIAN_POINT('',(-1.30000000000004,24.6345,-15.));
#4280=CARTESIAN_POINT('',(88.82,34.6345,-15.));
#4281=CARTESIAN_POINT('',(88.82,34.6345,-15.));
#4282=CARTESIAN_POINT('',(78.82,34.6345,-15.));
#4283=CARTESIAN_POINT('',(85.82,29.337,-15.));
#4284=CARTESIAN_POINT('Origin',(83.82,29.337,-15.));
#4285=CARTESIAN_POINT('Origin',(260.3,46.1151999099937,-36.5126983722082));
#4286=CARTESIAN_POINT('',(255.,43.6151999099937,-36.5126983722082));
#4287=CARTESIAN_POINT('',(260.3,43.6151999099937,-36.5126983722082));
#4288=CARTESIAN_POINT('Origin',(255.,46.1151999099937,-36.5126983722082));
#4289=CARTESIAN_POINT('',(255.,44.3474329570273,-38.2804653251746));
#4290=CARTESIAN_POINT('Origin',(255.,46.1151999099937,-36.5126983722082));
#4291=CARTESIAN_POINT('Origin',(255.,46.1151999099937,-36.5126983722082));
#4292=CARTESIAN_POINT('Origin',(260.3,46.1151999099937,-36.5126983722082));
#4293=CARTESIAN_POINT('',(-1.00000000000005,44.3474329570273,-38.2804653251746));
#4294=CARTESIAN_POINT('Origin',(-1.00000000000005,46.1151999099937,-36.5126983722082));
#4295=CARTESIAN_POINT('',(-1.00000000000005,43.6151999099937,-36.5126983722082));
#4296=CARTESIAN_POINT('Origin',(-1.00000000000005,46.1151999099937,-36.5126983722082));
#4297=CARTESIAN_POINT('',(260.3,43.6151999099937,-36.5126983722082));
#4298=CARTESIAN_POINT('Origin',(-1.00000000000005,46.1151999099937,-36.5126983722082));
#4299=CARTESIAN_POINT('Origin',(-1.00000000000004,60.2345,-15.));
#4300=CARTESIAN_POINT('',(-1.00000000000004,38.7073355337246,-32.6403679018719));
#4301=CARTESIAN_POINT('Origin',(-1.00000000000004,60.2345,-15.));
#4302=CARTESIAN_POINT('',(-1.00000000000002,34.6345,-24.));
#4303=CARTESIAN_POINT('',(-1.00000000000002,34.6345,-15.));
#4304=CARTESIAN_POINT('',(-1.00000000000002,30.0669676318527,-24.));
#4305=CARTESIAN_POINT('',(-1.00000000000003,44.9345,-24.));
#4306=CARTESIAN_POINT('',(-1.00000000000004,38.7073355337246,-32.6403679018719));
#4307=CARTESIAN_POINT('',(-1.00000000000004,60.2345,-24.));
#4308=CARTESIAN_POINT('',(-1.00000000000004,62.6595,-24.));
#4309=CARTESIAN_POINT('',(-1.00000000000004,60.2345,-15.));
#4310=CARTESIAN_POINT('Origin',(255.,34.6345,-15.));
#4311=CARTESIAN_POINT('',(255.,60.2345,-24.));
#4312=CARTESIAN_POINT('',(255.,60.2345,-15.));
#4313=CARTESIAN_POINT('',(255.,49.8595,-24.));
#4314=CARTESIAN_POINT('',(255.,30.0669676318527,-24.));
#4315=CARTESIAN_POINT('',(255.,32.3073355337246,-26.2403679018719));
#4316=CARTESIAN_POINT('',(255.,34.6345,-24.));
#4317=CARTESIAN_POINT('',(255.,32.1345,-24.));
#4318=CARTESIAN_POINT('',(255.,34.6345,-15.));
#4319=CARTESIAN_POINT('Origin',(255.,34.6345,-15.));
#4320=CARTESIAN_POINT('',(255.,32.3073355337246,-26.2403679018719));
#4321=CARTESIAN_POINT('Origin',(191.15,23.6345,-6.4));
#4322=CARTESIAN_POINT('',(255.3,24.6345,-7.4));
#4323=CARTESIAN_POINT('',(257.3,22.6345,-5.4));
#4324=CARTESIAN_POINT('',(-1.30000000000004,24.6345,-7.4));
#4325=CARTESIAN_POINT('',(191.15,24.6345,-7.4));
#4326=CARTESIAN_POINT('',(-3.30000000000005,22.6345,-5.4));
#4327=CARTESIAN_POINT('Origin',(256.3,58.8345,-6.4));
#4328=CARTESIAN_POINT('',(257.3,72.2345,-5.4));
#4329=CARTESIAN_POINT('',(255.3,58.8345,-7.4));
#4330=CARTESIAN_POINT('Origin',(62.8499999999999,71.2345,-6.4));
#4331=CARTESIAN_POINT('',(-3.30000000000005,72.2345,-5.4));
#4332=CARTESIAN_POINT('Origin',(-2.30000000000005,36.0345,-6.4));
#4333=CARTESIAN_POINT('',(-1.30000000000005,36.0345,-7.4));
#4334=CARTESIAN_POINT('Origin',(-1.30000000000004,24.6345,-15.));
#4335=CARTESIAN_POINT('',(-1.30000000000004,24.6345,-15.));
#4336=CARTESIAN_POINT('Origin',(127.,36.7639372515228,-30.6969696196701));
#4337=CARTESIAN_POINT('',(65.425,30.0669676318527,-24.));
#4338=CARTESIAN_POINT('',(8.69999999999995,30.0669676318527,-24.));
#4339=CARTESIAN_POINT('',(65.425,30.0669676318527,-24.));
#4340=CARTESIAN_POINT('',(8.69999999999994,24.6345000000002,-18.5675323681476));
#4341=CARTESIAN_POINT('',(8.69999999999994,32.3073355337246,-26.2403679018719));
#4342=CARTESIAN_POINT('',(78.82,24.6345000000002,-18.5675323681476));
#4343=CARTESIAN_POINT('',(191.,24.6345000000002,-18.5675323681475));
#4344=CARTESIAN_POINT('',(78.82,30.0669676318527,-24.));
#4345=CARTESIAN_POINT('',(78.82,29.8823355337246,-23.8153679018719));
#4346=CARTESIAN_POINT('',(105.41,30.0669676318527,-24.));
#4347=CARTESIAN_POINT('',(88.82,30.0669676318527,-24.));
#4348=CARTESIAN_POINT('',(105.41,30.0669676318527,-24.));
#4349=CARTESIAN_POINT('',(88.8200000000001,24.6345000000002,-18.5675323681476));
#4350=CARTESIAN_POINT('',(88.82,32.3073355337245,-26.2403679018719));
#4351=CARTESIAN_POINT('',(165.18,24.6345000000002,-18.5675323681476));
#4352=CARTESIAN_POINT('',(191.,24.6345000000002,-18.5675323681475));
#4353=CARTESIAN_POINT('',(165.179999999999,30.0669676318527,-24.));
#4354=CARTESIAN_POINT('',(165.18,29.8823355337246,-23.8153679018719));
#4355=CARTESIAN_POINT('',(148.59,30.0669676318527,-24.));
#4356=CARTESIAN_POINT('',(175.18,30.0669676318527,-24.));
#4357=CARTESIAN_POINT('',(148.59,30.0669676318527,-24.));
#4358=CARTESIAN_POINT('',(175.18,24.6345000000002,-18.5675323681476));
#4359=CARTESIAN_POINT('',(175.18,32.3073355337246,-26.2403679018719));
#4360=CARTESIAN_POINT('',(245.3,24.6345000000002,-18.5675323681476));
#4361=CARTESIAN_POINT('',(191.,24.6345000000002,-18.5675323681475));
#4362=CARTESIAN_POINT('',(245.299999999999,30.0669676318527,-24.));
#4363=CARTESIAN_POINT('',(245.3,29.8823355337246,-23.8153679018719));
#4364=CARTESIAN_POINT('',(188.575,30.0669676318527,-24.));
#4365=CARTESIAN_POINT('',(188.575,30.0669676318527,-24.));
#4366=CARTESIAN_POINT('Origin',(127.,36.7639372515228,-30.6969696196701));
#4367=CARTESIAN_POINT('',(0.71,26.237,-20.1700323681474));
#4368=CARTESIAN_POINT('',(0.71,26.5669676318526,-20.5));
#4369=CARTESIAN_POINT('',(0.709999999999988,30.9579605337246,-24.8909929018719));
#4370=CARTESIAN_POINT('',(6.91,26.237,-20.1700323681474));
#4371=CARTESIAN_POINT('',(66.955,26.237,-20.1700323681474));
#4372=CARTESIAN_POINT('',(6.91,26.5669676318526,-20.5));
#4373=CARTESIAN_POINT('',(6.90999999999998,32.5079605337246,-26.4409929018719));
#4374=CARTESIAN_POINT('',(65.405,26.5669676318526,-20.5));
#4375=CARTESIAN_POINT('Origin',(127.,36.7639372515228,-30.6969696196701));
#4376=CARTESIAN_POINT('',(247.09,26.237,-20.1700323681474));
#4377=CARTESIAN_POINT('',(247.09,26.5669676318526,-20.5));
#4378=CARTESIAN_POINT('',(247.09,30.9579605337246,-24.8909929018719));
#4379=CARTESIAN_POINT('',(253.29,26.237,-20.1700323681474));
#4380=CARTESIAN_POINT('',(190.145,26.237,-20.1700323681474));
#4381=CARTESIAN_POINT('',(253.29,26.5669676318526,-20.5));
#4382=CARTESIAN_POINT('',(253.29,32.5079605337246,-26.4409929018719));
#4383=CARTESIAN_POINT('',(188.595,26.5669676318526,-20.5));
#4384=CARTESIAN_POINT('Origin',(127.,36.7639372515228,-30.6969696196701));
#4385=CARTESIAN_POINT('',(167.08,26.237,-20.1700323681474));
#4386=CARTESIAN_POINT('',(167.08,26.5669676318526,-20.5));
#4387=CARTESIAN_POINT('',(167.08,30.9579605337246,-24.8909929018719));
#4388=CARTESIAN_POINT('',(173.28,26.237,-20.1700323681474));
#4389=CARTESIAN_POINT('',(150.14,26.237,-20.1700323681474));
#4390=CARTESIAN_POINT('',(173.28,26.5669676318526,-20.5));
#4391=CARTESIAN_POINT('',(173.28,32.5079605337246,-26.4409929018719));
#4392=CARTESIAN_POINT('',(148.59,26.5669676318526,-20.5));
#4393=CARTESIAN_POINT('Origin',(127.,36.7639372515228,-30.6969696196701));
#4394=CARTESIAN_POINT('',(80.72,26.237,-20.1700323681474));
#4395=CARTESIAN_POINT('',(80.72,26.5669676318526,-20.5));
#4396=CARTESIAN_POINT('',(80.72,30.9579605337246,-24.8909929018719));
#4397=CARTESIAN_POINT('',(86.92,26.237,-20.1700323681474));
#4398=CARTESIAN_POINT('',(106.96,26.237,-20.1700323681474));
#4399=CARTESIAN_POINT('',(86.92,26.5669676318526,-20.5));
#4400=CARTESIAN_POINT('',(86.92,32.5079605337246,-26.4409929018719));
#4401=CARTESIAN_POINT('',(105.41,26.5669676318526,-20.5));
#4402=CARTESIAN_POINT('Origin',(86.92,32.437,-18.));
#4403=CARTESIAN_POINT('',(86.92,26.237,-18.));
#4404=CARTESIAN_POINT('',(86.92,26.237,-18.));
#4405=CARTESIAN_POINT('',(86.92,32.437,-18.));
#4406=CARTESIAN_POINT('',(86.92,32.437,-18.));
#4407=CARTESIAN_POINT('',(86.92,32.437,-20.5));
#4408=CARTESIAN_POINT('',(86.92,32.437,-18.));
#4409=CARTESIAN_POINT('',(86.92,32.437,-20.5));
#4410=CARTESIAN_POINT('Origin',(86.92,26.237,-18.));
#4411=CARTESIAN_POINT('',(80.72,26.237,-18.));
#4412=CARTESIAN_POINT('',(80.72,26.237,-18.));
#4413=CARTESIAN_POINT('',(86.92,26.237,-18.));
#4414=CARTESIAN_POINT('Origin',(173.28,32.437,-18.));
#4415=CARTESIAN_POINT('',(173.28,26.237,-18.));
#4416=CARTESIAN_POINT('',(173.28,26.237,-18.));
#4417=CARTESIAN_POINT('',(173.28,32.437,-18.));
#4418=CARTESIAN_POINT('',(173.28,32.437,-18.));
#4419=CARTESIAN_POINT('',(173.28,32.437,-20.5));
#4420=CARTESIAN_POINT('',(173.28,32.437,-18.));
#4421=CARTESIAN_POINT('',(173.28,32.437,-20.5));
#4422=CARTESIAN_POINT('Origin',(173.28,26.237,-18.));
#4423=CARTESIAN_POINT('',(167.08,26.237,-18.));
#4424=CARTESIAN_POINT('',(167.08,26.237,-18.));
#4425=CARTESIAN_POINT('',(173.28,26.237,-18.));
#4426=CARTESIAN_POINT('Origin',(253.29,32.437,-18.));
#4427=CARTESIAN_POINT('',(253.29,26.237,-18.));
#4428=CARTESIAN_POINT('',(253.29,26.237,-18.));
#4429=CARTESIAN_POINT('',(253.29,32.437,-18.));
#4430=CARTESIAN_POINT('',(253.29,32.437,-18.));
#4431=CARTESIAN_POINT('',(253.29,32.437,-20.5));
#4432=CARTESIAN_POINT('',(253.29,32.437,-18.));
#4433=CARTESIAN_POINT('',(253.29,32.437,-20.5));
#4434=CARTESIAN_POINT('Origin',(253.29,26.237,-18.));
#4435=CARTESIAN_POINT('',(247.09,26.237,-18.));
#4436=CARTESIAN_POINT('',(247.09,26.237,-18.));
#4437=CARTESIAN_POINT('',(253.29,26.237,-18.));
#4438=CARTESIAN_POINT('Origin',(6.91,32.437,-18.));
#4439=CARTESIAN_POINT('',(6.91,26.237,-18.));
#4440=CARTESIAN_POINT('',(6.91,26.237,-18.));
#4441=CARTESIAN_POINT('',(6.91,32.437,-18.));
#4442=CARTESIAN_POINT('',(6.91,32.437,-18.));
#4443=CARTESIAN_POINT('',(6.91,32.437,-20.5));
#4444=CARTESIAN_POINT('',(6.91,32.437,-18.));
#4445=CARTESIAN_POINT('',(6.91,32.437,-20.5));
#4446=CARTESIAN_POINT('Origin',(6.91,26.237,-18.));
#4447=CARTESIAN_POINT('',(0.71,26.237,-18.));
#4448=CARTESIAN_POINT('',(0.71,26.237,-18.));
#4449=CARTESIAN_POINT('',(6.91,26.237,-18.));
#4450=CARTESIAN_POINT('Origin',(175.18,34.6345,-15.));
#4451=CARTESIAN_POINT('',(175.18,34.6345,-24.));
#4452=CARTESIAN_POINT('',(175.18,24.9345,-24.));
#4453=CARTESIAN_POINT('',(175.18,34.6345,-15.));
#4454=CARTESIAN_POINT('',(175.18,24.6345000000002,-39.7644660940673));
#4455=CARTESIAN_POINT('Origin',(170.18,29.6345,-24.));
#4456=CARTESIAN_POINT('',(165.18,34.6345,-24.));
#4457=CARTESIAN_POINT('',(165.18,24.9345,-24.));
#4458=CARTESIAN_POINT('',(175.18,34.6345,-24.));
#4459=CARTESIAN_POINT('Origin',(165.18,24.9345,-15.));
#4460=CARTESIAN_POINT('',(165.18,24.6345000000002,-39.7644660940673));
#4461=CARTESIAN_POINT('',(165.18,34.6345,-15.));
#4462=CARTESIAN_POINT('Origin',(88.82,34.6345,-15.));
#4463=CARTESIAN_POINT('',(88.82,34.6345,-24.));
#4464=CARTESIAN_POINT('',(88.82,24.9345,-24.));
#4465=CARTESIAN_POINT('',(88.82,34.6345,-15.));
#4466=CARTESIAN_POINT('',(88.8200000000001,24.6345000000002,-39.7644660940673));
#4467=CARTESIAN_POINT('Origin',(83.82,29.6345,-24.));
#4468=CARTESIAN_POINT('',(78.82,34.6345,-24.));
#4469=CARTESIAN_POINT('',(78.82,24.9345,-24.));
#4470=CARTESIAN_POINT('',(88.82,34.6345,-24.));
#4471=CARTESIAN_POINT('Origin',(78.82,24.9345,-15.));
#4472=CARTESIAN_POINT('',(78.82,24.6345000000002,-39.7644660940673));
#4473=CARTESIAN_POINT('',(78.82,34.6345,-15.));
#4474=CARTESIAN_POINT('Origin',(255.,24.6345000000002,-61.5289321881345));
#4475=CARTESIAN_POINT('',(8.69999999999994,24.6345000000002,-39.7644660940673));
#4476=CARTESIAN_POINT('',(255.3,24.6345,-15.));
#4477=CARTESIAN_POINT('',(245.3,24.6345000000002,-39.7644660940673));
#4478=CARTESIAN_POINT('Origin',(80.72,32.437,-18.));
#4479=CARTESIAN_POINT('',(80.72,32.437,-18.));
#4480=CARTESIAN_POINT('',(80.72,32.437,-18.));
#4481=CARTESIAN_POINT('',(80.72,32.437,-20.5));
#4482=CARTESIAN_POINT('',(80.72,32.437,-18.));
#4483=CARTESIAN_POINT('',(80.72,32.437,-20.5));
#4484=CARTESIAN_POINT('Origin',(80.72,26.237,-18.));
#4485=CARTESIAN_POINT('',(80.72,26.237,-20.5));
#4486=CARTESIAN_POINT('',(80.72,26.237,-18.));
#4487=CARTESIAN_POINT('Origin',(83.82,29.337,-18.));
#4488=CARTESIAN_POINT('',(85.82,29.337,-18.));
#4489=CARTESIAN_POINT('Origin',(83.82,29.337,-18.));
#4490=CARTESIAN_POINT('Origin',(83.82,29.337,-20.5));
#4491=CARTESIAN_POINT('Origin',(253.29,62.432,-18.));
#4492=CARTESIAN_POINT('',(247.09,62.432,-18.));
#4493=CARTESIAN_POINT('',(253.29,62.432,-18.));
#4494=CARTESIAN_POINT('',(247.09,62.432,-18.));
#4495=CARTESIAN_POINT('',(253.29,62.432,-20.5));
#4496=CARTESIAN_POINT('',(253.29,62.432,-18.));
#4497=CARTESIAN_POINT('',(247.09,62.432,-20.5));
#4498=CARTESIAN_POINT('',(247.09,62.432,-20.5));
#4499=CARTESIAN_POINT('',(247.09,62.432,-18.));
#4500=CARTESIAN_POINT('Origin',(253.29,68.632,-18.));
#4501=CARTESIAN_POINT('',(253.29,68.632,-18.));
#4502=CARTESIAN_POINT('',(253.29,62.432,-18.));
#4503=CARTESIAN_POINT('',(253.29,68.632,-20.5));
#4504=CARTESIAN_POINT('',(253.29,68.632,-18.));
#4505=CARTESIAN_POINT('',(253.29,62.432,-20.5));
#4506=CARTESIAN_POINT('Origin',(247.09,68.632,-18.));
#4507=CARTESIAN_POINT('',(247.09,68.632,-18.));
#4508=CARTESIAN_POINT('',(253.29,68.632,-18.));
#4509=CARTESIAN_POINT('',(247.09,68.632,-20.5));
#4510=CARTESIAN_POINT('',(247.09,68.632,-18.));
#4511=CARTESIAN_POINT('',(253.29,68.632,-20.5));
#4512=CARTESIAN_POINT('Origin',(247.09,62.432,-18.));
#4513=CARTESIAN_POINT('',(247.09,68.632,-18.));
#4514=CARTESIAN_POINT('',(247.09,68.632,-20.5));
#4515=CARTESIAN_POINT('Origin',(250.19,65.532,-18.));
#4516=CARTESIAN_POINT('',(252.19,65.532,-18.));
#4517=CARTESIAN_POINT('Origin',(250.19,65.532,-18.));
#4518=CARTESIAN_POINT('Origin',(250.19,65.532,-20.5));
#4519=CARTESIAN_POINT('Origin',(167.08,32.437,-18.));
#4520=CARTESIAN_POINT('',(167.08,32.437,-18.));
#4521=CARTESIAN_POINT('',(167.08,32.437,-18.));
#4522=CARTESIAN_POINT('',(167.08,32.437,-20.5));
#4523=CARTESIAN_POINT('',(167.08,32.437,-18.));
#4524=CARTESIAN_POINT('',(167.08,32.437,-20.5));
#4525=CARTESIAN_POINT('Origin',(167.08,26.237,-18.));
#4526=CARTESIAN_POINT('',(167.08,26.237,-20.5));
#4527=CARTESIAN_POINT('',(167.08,26.237,-18.));
#4528=CARTESIAN_POINT('Origin',(170.18,29.337,-18.));
#4529=CARTESIAN_POINT('',(172.18,29.337,-18.));
#4530=CARTESIAN_POINT('Origin',(170.18,29.337,-18.));
#4531=CARTESIAN_POINT('Origin',(170.18,29.337,-20.5));
#4532=CARTESIAN_POINT('Origin',(6.91,68.632,-18.));
#4533=CARTESIAN_POINT('',(6.91,68.632,-18.));
#4534=CARTESIAN_POINT('',(6.91,62.432,-18.));
#4535=CARTESIAN_POINT('',(6.91,68.632,-18.));
#4536=CARTESIAN_POINT('',(6.91,68.632,-20.5));
#4537=CARTESIAN_POINT('',(6.91,68.632,-18.));
#4538=CARTESIAN_POINT('',(6.91,62.432,-20.5));
#4539=CARTESIAN_POINT('',(6.91,68.632,-20.5));
#4540=CARTESIAN_POINT('',(6.91,62.432,-18.));
#4541=CARTESIAN_POINT('Origin',(0.71,68.632,-18.));
#4542=CARTESIAN_POINT('',(0.71,68.632,-18.));
#4543=CARTESIAN_POINT('',(0.71,68.632,-18.));
#4544=CARTESIAN_POINT('',(0.71,68.632,-20.5));
#4545=CARTESIAN_POINT('',(0.71,68.632,-18.));
#4546=CARTESIAN_POINT('',(0.71,68.632,-20.5));
#4547=CARTESIAN_POINT('Origin',(0.71,62.432,-18.));
#4548=CARTESIAN_POINT('',(0.71,62.432,-18.));
#4549=CARTESIAN_POINT('',(0.71,62.432,-18.));
#4550=CARTESIAN_POINT('',(0.71,62.432,-20.5));
#4551=CARTESIAN_POINT('',(0.71,62.432,-18.));
#4552=CARTESIAN_POINT('',(0.71,62.432,-20.5));
#4553=CARTESIAN_POINT('Origin',(6.91,62.432,-18.));
#4554=CARTESIAN_POINT('',(6.91,62.432,-18.));
#4555=CARTESIAN_POINT('',(6.91,62.432,-20.5));
#4556=CARTESIAN_POINT('Origin',(3.81,65.532,-18.));
#4557=CARTESIAN_POINT('',(5.81,65.532,-18.));
#4558=CARTESIAN_POINT('Origin',(3.81,65.532,-18.));
#4559=CARTESIAN_POINT('Origin',(3.81,65.532,-20.5));
#4560=CARTESIAN_POINT('Origin',(86.92,68.632,-18.));
#4561=CARTESIAN_POINT('',(86.92,68.632,-18.));
#4562=CARTESIAN_POINT('',(86.92,62.432,-18.));
#4563=CARTESIAN_POINT('',(86.92,68.632,-18.));
#4564=CARTESIAN_POINT('',(86.92,68.632,-20.5));
#4565=CARTESIAN_POINT('',(86.92,68.632,-18.));
#4566=CARTESIAN_POINT('',(86.92,62.432,-20.5));
#4567=CARTESIAN_POINT('',(86.92,68.632,-20.5));
#4568=CARTESIAN_POINT('',(86.92,62.432,-18.));
#4569=CARTESIAN_POINT('Origin',(80.72,68.632,-18.));
#4570=CARTESIAN_POINT('',(80.72,68.632,-18.));
#4571=CARTESIAN_POINT('',(80.72,68.632,-18.));
#4572=CARTESIAN_POINT('',(80.72,68.632,-20.5));
#4573=CARTESIAN_POINT('',(80.72,68.632,-18.));
#4574=CARTESIAN_POINT('',(80.72,68.632,-20.5));
#4575=CARTESIAN_POINT('Origin',(80.72,62.432,-18.));
#4576=CARTESIAN_POINT('',(80.72,62.432,-18.));
#4577=CARTESIAN_POINT('',(80.72,62.432,-18.));
#4578=CARTESIAN_POINT('',(80.72,62.432,-20.5));
#4579=CARTESIAN_POINT('',(80.72,62.432,-18.));
#4580=CARTESIAN_POINT('',(80.72,62.432,-20.5));
#4581=CARTESIAN_POINT('Origin',(86.92,62.432,-18.));
#4582=CARTESIAN_POINT('',(86.92,62.432,-18.));
#4583=CARTESIAN_POINT('',(86.92,62.432,-20.5));
#4584=CARTESIAN_POINT('Origin',(83.82,65.532,-18.));
#4585=CARTESIAN_POINT('',(85.82,65.532,-18.));
#4586=CARTESIAN_POINT('Origin',(83.82,65.532,-18.));
#4587=CARTESIAN_POINT('Origin',(83.82,65.532,-20.5));
#4588=CARTESIAN_POINT('Origin',(247.09,32.437,-18.));
#4589=CARTESIAN_POINT('',(247.09,32.437,-18.));
#4590=CARTESIAN_POINT('',(247.09,32.437,-18.));
#4591=CARTESIAN_POINT('',(247.09,32.437,-20.5));
#4592=CARTESIAN_POINT('',(247.09,32.437,-18.));
#4593=CARTESIAN_POINT('',(247.09,32.437,-20.5));
#4594=CARTESIAN_POINT('Origin',(247.09,26.237,-18.));
#4595=CARTESIAN_POINT('',(247.09,26.237,-20.5));
#4596=CARTESIAN_POINT('',(247.09,26.237,-18.));
#4597=CARTESIAN_POINT('Origin',(250.19,29.337,-18.));
#4598=CARTESIAN_POINT('',(252.19,29.337,-18.));
#4599=CARTESIAN_POINT('Origin',(250.19,29.337,-18.));
#4600=CARTESIAN_POINT('Origin',(250.19,29.337,-20.5));
#4601=CARTESIAN_POINT('Origin',(173.28,68.632,-18.));
#4602=CARTESIAN_POINT('',(173.28,68.632,-18.));
#4603=CARTESIAN_POINT('',(173.28,62.432,-18.));
#4604=CARTESIAN_POINT('',(173.28,68.632,-18.));
#4605=CARTESIAN_POINT('',(173.28,68.632,-20.5));
#4606=CARTESIAN_POINT('',(173.28,68.632,-18.));
#4607=CARTESIAN_POINT('',(173.28,62.432,-20.5));
#4608=CARTESIAN_POINT('',(173.28,68.632,-20.5));
#4609=CARTESIAN_POINT('',(173.28,62.432,-18.));
#4610=CARTESIAN_POINT('Origin',(167.08,68.632,-18.));
#4611=CARTESIAN_POINT('',(167.08,68.632,-18.));
#4612=CARTESIAN_POINT('',(167.08,68.632,-18.));
#4613=CARTESIAN_POINT('',(167.08,68.632,-20.5));
#4614=CARTESIAN_POINT('',(167.08,68.632,-18.));
#4615=CARTESIAN_POINT('',(167.08,68.632,-20.5));
#4616=CARTESIAN_POINT('Origin',(167.08,62.432,-18.));
#4617=CARTESIAN_POINT('',(167.08,62.432,-18.));
#4618=CARTESIAN_POINT('',(167.08,62.432,-18.));
#4619=CARTESIAN_POINT('',(167.08,62.432,-20.5));
#4620=CARTESIAN_POINT('',(167.08,62.432,-18.));
#4621=CARTESIAN_POINT('',(167.08,62.432,-20.5));
#4622=CARTESIAN_POINT('Origin',(173.28,62.432,-18.));
#4623=CARTESIAN_POINT('',(173.28,62.432,-18.));
#4624=CARTESIAN_POINT('',(173.28,62.432,-20.5));
#4625=CARTESIAN_POINT('Origin',(170.18,65.532,-18.));
#4626=CARTESIAN_POINT('',(172.18,65.532,-18.));
#4627=CARTESIAN_POINT('Origin',(170.18,65.532,-18.));
#4628=CARTESIAN_POINT('Origin',(170.18,65.532,-20.5));
#4629=CARTESIAN_POINT('Origin',(0.71,32.437,-18.));
#4630=CARTESIAN_POINT('',(0.71,32.437,-18.));
#4631=CARTESIAN_POINT('',(0.71,32.437,-18.));
#4632=CARTESIAN_POINT('',(0.71,32.437,-20.5));
#4633=CARTESIAN_POINT('',(0.71,32.437,-18.));
#4634=CARTESIAN_POINT('',(0.71,32.437,-20.5));
#4635=CARTESIAN_POINT('Origin',(0.71,26.237,-18.));
#4636=CARTESIAN_POINT('',(0.71,26.237,-20.5));
#4637=CARTESIAN_POINT('',(0.71,26.237,-18.));
#4638=CARTESIAN_POINT('Origin',(3.81,29.337,-18.));
#4639=CARTESIAN_POINT('',(5.81,29.337,-18.));
#4640=CARTESIAN_POINT('Origin',(3.81,29.337,-18.));
#4641=CARTESIAN_POINT('Origin',(3.81,29.337,-20.5));
#4642=CARTESIAN_POINT('Origin',(3.81,65.532,10.));
#4643=CARTESIAN_POINT('',(5.81,65.532,10.));
#4644=CARTESIAN_POINT('Origin',(250.15,29.6345,-24.));
#4645=CARTESIAN_POINT('',(245.3,34.6345,-24.));
#4646=CARTESIAN_POINT('',(245.3,24.9345,-24.));
#4647=CARTESIAN_POINT('',(255.,34.6345,-24.));
#4648=CARTESIAN_POINT('Origin',(170.18,65.0845,-24.));
#4649=CARTESIAN_POINT('',(165.18,60.2345,-24.));
#4650=CARTESIAN_POINT('',(165.18,60.2345,-24.));
#4651=CARTESIAN_POINT('',(165.18,69.9345,-24.));
#4652=CARTESIAN_POINT('Origin',(3.84999999999995,29.6345,-24.));
#4653=CARTESIAN_POINT('',(8.69999999999996,34.6345,-24.));
#4654=CARTESIAN_POINT('',(8.69999999999996,34.6345,-24.));
#4655=CARTESIAN_POINT('',(8.69999999999995,24.9345,-24.));
#4656=CARTESIAN_POINT('Origin',(250.15,65.0845,-24.));
#4657=CARTESIAN_POINT('',(245.3,60.2345,-24.));
#4658=CARTESIAN_POINT('',(245.3,60.2345,-24.));
#4659=CARTESIAN_POINT('',(245.3,69.9345,-24.));
#4660=CARTESIAN_POINT('Origin',(83.82,65.0845,-24.));
#4661=CARTESIAN_POINT('',(78.82,60.2345,-24.));
#4662=CARTESIAN_POINT('',(78.82,60.2345,-24.));
#4663=CARTESIAN_POINT('',(78.82,69.9345,-24.));
#4664=CARTESIAN_POINT('Origin',(3.84999999999995,65.0845,-24.));
#4665=CARTESIAN_POINT('',(-1.00000000000004,60.2345,-24.));
#4666=CARTESIAN_POINT('Origin',(99.4999999999999,37.4345,-15.));
#4667=CARTESIAN_POINT('',(99.4999999999999,57.4345,-33.));
#4668=CARTESIAN_POINT('',(99.4999999999999,37.4345,-33.));
#4669=CARTESIAN_POINT('',(99.4999999999999,57.4345,-15.));
#4670=CARTESIAN_POINT('Origin',(99.4999999999999,57.4345,-15.));
#4671=CARTESIAN_POINT('',(154.5,57.4345,-33.));
#4672=CARTESIAN_POINT('',(99.4999999999999,57.4345,-33.));
#4673=CARTESIAN_POINT('',(154.5,57.4345,-15.));
#4674=CARTESIAN_POINT('Origin',(154.5,57.4345,-15.));
#4675=CARTESIAN_POINT('',(154.5,57.4345,-33.));
#4676=CARTESIAN_POINT('Origin',(127.,47.4345,-33.));
#4677=CARTESIAN_POINT('Origin',(83.82,29.337,10.));
#4678=CARTESIAN_POINT('',(85.82,29.337,10.));
#4679=CARTESIAN_POINT('Origin',(250.19,29.337,10.));
#4680=CARTESIAN_POINT('',(252.19,29.337,10.));
#4681=CARTESIAN_POINT('Origin',(170.18,65.532,10.));
#4682=CARTESIAN_POINT('',(172.18,65.532,10.));
#4683=CARTESIAN_POINT('Origin',(83.82,65.532,10.));
#4684=CARTESIAN_POINT('',(85.82,65.532,10.));
#4685=CARTESIAN_POINT('Origin',(250.19,65.532,10.));
#4686=CARTESIAN_POINT('',(252.19,65.532,10.));
#4687=CARTESIAN_POINT('Origin',(170.18,29.337,10.));
#4688=CARTESIAN_POINT('',(172.18,29.337,10.));
#4689=CARTESIAN_POINT('Origin',(3.81,29.337,10.));
#4690=CARTESIAN_POINT('',(5.81,29.337,10.));
#4691=CARTESIAN_POINT('Origin',(-1.00000000000002,34.6345,-15.));
#4692=CARTESIAN_POINT('',(8.69999999999996,34.6345,-15.));
#4693=CARTESIAN_POINT('Origin',(8.69999999999995,60.2345,-15.));
#4694=CARTESIAN_POINT('Origin',(78.82,60.2345,-15.));
#4695=CARTESIAN_POINT('',(78.82,60.2345,-15.));
#4696=CARTESIAN_POINT('Origin',(88.82,60.2345,-15.));
#4697=CARTESIAN_POINT('Origin',(165.18,60.2345,-15.));
#4698=CARTESIAN_POINT('',(165.18,60.2345,-15.));
#4699=CARTESIAN_POINT('Origin',(175.18,60.2345,-15.));
#4700=CARTESIAN_POINT('Origin',(245.3,60.2345,-15.));
#4701=CARTESIAN_POINT('',(245.3,60.2345,-15.));
#4702=CARTESIAN_POINT('Origin',(255.,60.2345,-15.));
#4703=CARTESIAN_POINT('Origin',(245.3,34.6345,-15.));
#4704=CARTESIAN_POINT('',(245.3,34.6345,-15.));
#4705=CARTESIAN_POINT('Origin',(245.3,24.9345,-15.));
#4706=CARTESIAN_POINT('Origin',(165.18,34.6345,-15.));
#4707=CARTESIAN_POINT('Origin',(78.82,34.6345,-15.));
#4708=CARTESIAN_POINT('Origin',(8.69999999999996,34.6345,-15.));
#4709=CARTESIAN_POINT('Origin',(255.3,70.2345,-15.));
#4710=UNCERTAINTY_MEASURE_WITH_UNIT(LENGTH_MEASURE(0.01),#4714,
'DISTANCE_ACCURACY_VALUE',
'Maximum model space distance between geometric entities at asserted c
onnectivities');
#4711=UNCERTAINTY_MEASURE_WITH_UNIT(LENGTH_MEASURE(0.01),#4714,
'DISTANCE_ACCURACY_VALUE',
'Maximum model space distance between geometric entities at asserted c
onnectivities');
#4712=(
GEOMETRIC_REPRESENTATION_CONTEXT(3)
GLOBAL_UNCERTAINTY_ASSIGNED_CONTEXT((#4710))
GLOBAL_UNIT_ASSIGNED_CONTEXT((#4714,#4715,#4716))
REPRESENTATION_CONTEXT('','3D')
);
#4713=(
GEOMETRIC_REPRESENTATION_CONTEXT(3)
GLOBAL_UNCERTAINTY_ASSIGNED_CONTEXT((#4711))
GLOBAL_UNIT_ASSIGNED_CONTEXT((#4714,#4715,#4716))
REPRESENTATION_CONTEXT('','3D')
);
#4714=(
LENGTH_UNIT()
NAMED_UNIT(*)
SI_UNIT(.MILLI.,.METRE.)
);
#4715=(
NAMED_UNIT(*)
PLANE_ANGLE_UNIT()
SI_UNIT($,.RADIAN.)
);
#4716=(
NAMED_UNIT(*)
SI_UNIT($,.STERADIAN.)
SOLID_ANGLE_UNIT()
);
#4717=SHAPE_DEFINITION_REPRESENTATION(#4718,#4719);
#4718=PRODUCT_DEFINITION_SHAPE('',$,#4721);
#4719=SHAPE_REPRESENTATION('',(#2898),#4712);
#4720=PRODUCT_DEFINITION_CONTEXT('part definition',#4725,'design');
#4721=PRODUCT_DEFINITION('Housing','Housing v20',#4722,#4720);
#4722=PRODUCT_DEFINITION_FORMATION('',$,#4727);
#4723=PRODUCT_RELATED_PRODUCT_CATEGORY('Housing v20','Housing v20',(#4727));
#4724=APPLICATION_PROTOCOL_DEFINITION('international standard',
'automotive_design',2009,#4725);
#4725=APPLICATION_CONTEXT(
'Core Data for Automotive Mechanical Design Process');
#4726=PRODUCT_CONTEXT('part definition',#4725,'mechanical');
#4727=PRODUCT('Housing','Housing v20',$,(#4726));
#4728=PRESENTATION_STYLE_ASSIGNMENT((#4733));
#4729=PRESENTATION_STYLE_ASSIGNMENT((#4734));
#4730=PRESENTATION_STYLE_ASSIGNMENT((#4735));
#4731=PRESENTATION_STYLE_ASSIGNMENT((#4736));
#4732=PRESENTATION_STYLE_ASSIGNMENT((#4737));
#4733=SURFACE_STYLE_USAGE(.BOTH.,#4738);
#4734=SURFACE_STYLE_USAGE(.BOTH.,#4739);
#4735=SURFACE_STYLE_USAGE(.BOTH.,#4740);
#4736=SURFACE_STYLE_USAGE(.BOTH.,#4741);
#4737=SURFACE_STYLE_USAGE(.BOTH.,#4742);
#4738=SURFACE_SIDE_STYLE('',(#4743));
#4739=SURFACE_SIDE_STYLE('',(#4744));
#4740=SURFACE_SIDE_STYLE('',(#4745));
#4741=SURFACE_SIDE_STYLE('',(#4746));
#4742=SURFACE_SIDE_STYLE('',(#4747));
#4743=SURFACE_STYLE_FILL_AREA(#4748);
#4744=SURFACE_STYLE_FILL_AREA(#4749);
#4745=SURFACE_STYLE_FILL_AREA(#4750);
#4746=SURFACE_STYLE_FILL_AREA(#4751);
#4747=SURFACE_STYLE_FILL_AREA(#4752);
#4748=FILL_AREA_STYLE('Opaque(255,191,0)',(#4753));
#4749=FILL_AREA_STYLE('Steel - Satin',(#4754));
#4750=FILL_AREA_STYLE('Opaque(120,110,70)',(#4755));
#4751=FILL_AREA_STYLE('SemiTransparent(0,128,0)',(#4756));
#4752=FILL_AREA_STYLE('Silver - Polished',(#4757));
#4753=FILL_AREA_STYLE_COLOUR('Opaque(255,191,0)',#4758);
#4754=FILL_AREA_STYLE_COLOUR('Steel - Satin',#4759);
#4755=FILL_AREA_STYLE_COLOUR('Opaque(120,110,70)',#4760);
#4756=FILL_AREA_STYLE_COLOUR('SemiTransparent(0,128,0)',#4761);
#4757=FILL_AREA_STYLE_COLOUR('Silver - Polished',#4762);
#4758=COLOUR_RGB('Opaque(255,191,0)',1.,0.749019607843137,0.);
#4759=COLOUR_RGB('Steel - Satin',0.627450980392157,0.627450980392157,0.627450980392157);
#4760=COLOUR_RGB('Opaque(120,110,70)',0.470588235294118,0.431372549019608,
0.274509803921569);
#4761=COLOUR_RGB('SemiTransparent(0,128,0)',0.,0.501960784313725,0.);
#4762=COLOUR_RGB('Silver - Polished',0.984313725490196,0.980392156862745,
0.96078431372549);
ENDSEC;
END-ISO-10303-21;
